OrderID,CustomerID,ProductID,ProductName,Category,Quantity,Price,TotalAmount,OrderDate
ORD1000,CUST103,PID535,Science Textbook,Books,1,95.8,95.8,2024-03-12
ORD1001,CUST189,PID120,Headphones,Electronics,3,225.69,677.07,2024-08-02
ORD1002,CUST88,PID472,Self Help,Books,4,75.72,302.88,2024-05-10
ORD1003,CUST150,PID408,Cookware,Home & Kitchen,2,362.39,724.78,2025-02-17
ORD1004,CUST294,PID485,Lipstick,Beauty,4,496.14,1984.56,2024-06-09
ORD1005,CUST22,PID352,Smartphone,Electronics,4,16.42,65.68,2025-04-19
ORD1006,CUST59,PID610,Shampoo,Beauty,2,28.1,56.2,2024-07-08
ORD1007,CUST175,PID662,Football,Sports,4,259.55,1038.2,2025-05-19
ORD1008,CUST131,PID584,Self Help,Books,3,341.75,1025.25,2024-06-15
ORD1009,CUST274,PID487,Headphones,Electronics,1,482.99,482.99,2024-08-29
ORD1010,CUST265,PID445,Nail Polish,Beauty,1,119.29,119.29,2024-04-01
ORD1011,CUST264,PID134,Football,Sports,2,198.58,397.16,2025-07-15
ORD1012,CUST2,PID489,Dress,Clothing,2,275.62,551.24,2025-04-21
ORD1013,CUST191,PID501,Smartwatch,Electronics,2,227.63,455.26,2024-07-20
ORD1014,CUST270,PID962,Lamp,Home & Kitchen,4,166.64,666.56,2025-04-06
ORD1015,CUST215,PID351,Jeans,Clothing,1,480.78,480.78,2024-12-03
ORD1016,CUST53,PID891,Sofa,Home & Kitchen,2,482.8,965.6,2024-07-06
ORD1017,CUST41,PID256,Dress,Clothing,3,86.81,260.43,2025-06-04
ORD1018,CUST129,PID747,Smartphone,Electronics,4,11.97,47.88,2025-05-13
ORD1019,CUST81,PID491,Face Cream,Beauty,3,396.14,1188.42,2025-01-13
ORD1020,CUST261,PID589,Smartphone,Electronics,3,327.28,981.84,2024-01-28
ORD1021,CUST135,PID300,Headphones,Electronics,4,227.48,909.92,2024-02-02
ORD1022,CUST48,PID602,Fiction Novel,Books,3,336.08,1008.24,2024-04-08
ORD1023,CUST172,PID971,Biography,Books,2,444.17,888.34,2025-04-06
ORD1024,CUST131,PID868,Comics,Books,1,282.83,282.83,2025-02-01
ORD1025,CUST283,PID492,Perfume,Beauty,3,216.63,649.89,2025-07-07
ORD1026,CUST179,PID674,Perfume,Beauty,4,320.02,1280.08,2025-07-17
ORD1027,CUST96,PID833,Dress,Clothing,1,128.4,128.4,2024-06-19
ORD1028,CUST29,PID135,Cricket Bat,Sports,1,43.11,43.11,2024-08-30
ORD1029,CUST86,PID895,Lipstick,Beauty,2,314.06,628.12,2025-07-27
ORD1030,CUST134,PID895,Shampoo,Beauty,4,113.13,452.52,2024-12-05
ORD1031,CUST286,PID430,Fiction Novel,Books,4,404.68,1618.72,2024-12-13
ORD1032,CUST231,PID289,T-Shirt,Clothing,1,139.71,139.71,2024-10-09
ORD1033,CUST121,PID727,Jacket,Clothing,1,431.06,431.06,2024-12-24
ORD1034,CUST198,PID555,Smartwatch,Electronics,3,211.62,634.86,2024-08-12
ORD1035,CUST234,PID783,Headphones,Electronics,4,471.74,1886.96,2025-01-08
ORD1036,CUST160,PID707,Football,Sports,4,352.99,1411.96,2024-04-22
ORD1037,CUST52,PID367,Dress,Clothing,2,349.67,699.34,2025-01-21
ORD1038,CUST113,PID712,Shampoo,Beauty,1,498.88,498.88,2024-04-22
ORD1039,CUST2,PID741,Smartwatch,Electronics,4,30.48,121.92,2024-08-12
ORD1040,CUST126,PID229,Vacuum Cleaner,Home & Kitchen,1,247.28,247.28,2025-02-19
ORD1041,CUST247,PID935,Smartphone,Electronics,3,382.0,1146.0,2024-05-02
ORD1042,CUST255,PID393,Lipstick,Beauty,4,237.8,951.2,2024-07-16
ORD1043,CUST240,PID243,Dress,Clothing,1,79.61,79.61,2024-07-05
ORD1044,CUST259,PID759,Smartphone,Electronics,4,340.39,1361.56,2025-02-06
ORD1045,CUST147,PID247,Laptop,Electronics,4,52.61,210.44,2025-05-03
ORD1046,CUST128,PID650,Dress,Clothing,2,419.67,839.34,2025-04-17
ORD1047,CUST151,PID514,Tennis Racket,Sports,2,349.41,698.82,2024-09-19
ORD1048,CUST252,PID243,Science Textbook,Books,2,491.17,982.34,2025-07-25
ORD1049,CUST2,PID996,Sofa,Home & Kitchen,4,482.88,1931.52,2025-03-28
ORD1050,CUST37,PID259,T-Shirt,Clothing,3,98.41,295.23,2024-08-20
ORD1051,CUST99,PID758,Sofa,Home & Kitchen,4,424.1,1696.4,2025-02-07
ORD1052,CUST152,PID153,Dress,Clothing,4,444.45,1777.8,2025-08-09
ORD1053,CUST113,PID519,Laptop,Electronics,2,336.15,672.3,2024-09-10
ORD1054,CUST227,PID211,Dining Table,Home & Kitchen,2,470.37,940.74,2024-06-01
ORD1055,CUST194,PID921,Perfume,Beauty,3,327.72,983.16,2024-06-09
ORD1056,CUST68,PID900,Smartphone,Electronics,2,166.07,332.14,2025-05-18
ORD1057,CUST135,PID294,Biography,Books,1,157.49,157.49,2025-04-04
ORD1058,CUST22,PID849,Lamp,Home & Kitchen,2,486.64,973.28,2024-12-30
ORD1059,CUST51,PID537,Lipstick,Beauty,4,317.41,1269.64,2024-08-13
ORD1060,CUST277,PID897,Camera,Electronics,1,290.57,290.57,2025-04-25
ORD1061,CUST147,PID615,T-Shirt,Clothing,3,385.43,1156.29,2025-05-26
ORD1062,CUST17,PID271,Fiction Novel,Books,4,237.62,950.48,2024-02-15
ORD1063,CUST6,PID198,Jacket,Clothing,4,12.65,50.6,2024-10-06
ORD1064,CUST181,PID706,Sofa,Home & Kitchen,3,490.26,1470.78,2024-04-25
ORD1065,CUST191,PID352,Sneakers,Clothing,1,99.5,99.5,2024-06-09
ORD1066,CUST256,PID422,Fiction Novel,Books,4,189.48,757.92,2025-07-19
ORD1067,CUST58,PID422,Comics,Books,4,39.86,159.44,2024-10-14
ORD1068,CUST151,PID738,T-Shirt,Clothing,3,151.17,453.51,2024-04-13
ORD1069,CUST299,PID345,Lipstick,Beauty,4,278.65,1114.6,2025-06-21
ORD1070,CUST13,PID927,Comics,Books,2,7.57,15.14,2024-02-05
ORD1071,CUST173,PID119,Lipstick,Beauty,1,40.12,40.12,2025-02-03
ORD1072,CUST142,PID982,Football,Sports,3,18.67,56.01,2024-12-19
ORD1073,CUST288,PID826,Camera,Electronics,3,22.79,68.37,2025-07-28
ORD1074,CUST190,PID224,Camera,Electronics,2,297.46,594.92,2024-12-07
ORD1075,CUST180,PID781,Science Textbook,Books,2,155.12,310.24,2025-03-19
ORD1076,CUST101,PID363,Dining Table,Home & Kitchen,1,139.41,139.41,2024-01-05
ORD1077,CUST103,PID295,Headphones,Electronics,2,30.58,61.16,2024-12-15
ORD1078,CUST47,PID966,Smartwatch,Electronics,3,73.48,220.44,2024-09-25
ORD1079,CUST124,PID205,Self Help,Books,2,25.33,50.66,2024-04-29
ORD1080,CUST275,PID703,Face Cream,Beauty,2,43.84,87.68,2025-04-18
ORD1081,CUST117,PID929,Jacket,Clothing,3,217.02,651.06,2024-02-27
ORD1082,CUST122,PID612,Jacket,Clothing,3,128.87,386.61,2024-04-27
ORD1083,CUST48,PID700,Sofa,Home & Kitchen,4,467.63,1870.52,2024-09-28
ORD1084,CUST189,PID803,Vacuum Cleaner,Home & Kitchen,3,220.66,661.98,2024-09-03
ORD1085,CUST76,PID253,Yoga Mat,Sports,4,83.53,334.12,2024-03-26
ORD1086,CUST185,PID384,Perfume,Beauty,2,50.44,100.88,2024-02-16
ORD1087,CUST94,PID849,Jacket,Clothing,2,353.31,706.62,2024-07-22
ORD1088,CUST218,PID573,Dress,Clothing,4,404.42,1617.68,2024-10-15
ORD1089,CUST254,PID833,Headphones,Electronics,1,202.26,202.26,2025-06-05
ORD1090,CUST246,PID936,Nail Polish,Beauty,4,27.43,109.72,2024-08-10
ORD1091,CUST250,PID758,Lipstick,Beauty,2,253.01,506.02,2024-11-20
ORD1092,CUST4,PID115,Lipstick,Beauty,4,472.23,1888.92,2024-09-14
ORD1093,CUST160,PID574,Cricket Bat,Sports,4,289.86,1159.44,2025-01-14
ORD1094,CUST33,PID790,Self Help,Books,3,471.03,1413.09,2025-07-30
ORD1095,CUST168,PID941,Sneakers,Clothing,3,101.92,305.76,2025-01-31
ORD1096,CUST12,PID706,Football,Sports,2,14.02,28.04,2025-05-13
ORD1097,CUST242,PID134,Cricket Bat,Sports,3,40.24,120.72,2025-02-21
ORD1098,CUST115,PID716,Yoga Mat,Sports,3,63.49,190.47,2025-05-15
ORD1099,CUST114,PID592,Cookware,Home & Kitchen,3,439.35,1318.05,2025-02-23
ORD1100,CUST217,PID376,Nail Polish,Beauty,1,144.61,144.61,2025-01-28
ORD1101,CUST192,PID838,Sneakers,Clothing,1,367.17,367.17,2025-07-01
ORD1102,CUST96,PID763,Sneakers,Clothing,3,465.72,1397.16,2024-02-06
ORD1103,CUST268,PID468,Vacuum Cleaner,Home & Kitchen,3,376.68,1130.04,2024-08-04
ORD1104,CUST286,PID372,Yoga Mat,Sports,1,255.1,255.1,2024-12-07
ORD1105,CUST187,PID118,Shampoo,Beauty,1,31.48,31.48,2025-03-20
ORD1106,CUST233,PID175,Football,Sports,1,163.06,163.06,2025-01-18
ORD1107,CUST52,PID950,Smartwatch,Electronics,2,317.76,635.52,2024-03-09
ORD1108,CUST99,PID495,Face Cream,Beauty,1,279.08,279.08,2025-04-13
ORD1109,CUST53,PID250,Camera,Electronics,4,395.86,1583.44,2024-04-18
ORD1110,CUST181,PID141,Cricket Bat,Sports,2,33.49,66.98,2024-08-10
ORD1111,CUST122,PID232,Vacuum Cleaner,Home & Kitchen,3,444.41,1333.23,2024-08-22
ORD1112,CUST146,PID850,Sofa,Home & Kitchen,4,345.57,1382.28,2025-05-06
ORD1113,CUST253,PID329,Tennis Racket,Sports,3,215.92,647.76,2024-06-16
ORD1114,CUST170,PID492,Dumbbells,Sports,2,446.49,892.98,2024-07-12
ORD1115,CUST5,PID128,Comics,Books,1,120.45,120.45,2025-05-10
ORD1116,CUST145,PID610,Football,Sports,3,493.07,1479.21,2024-05-11
ORD1117,CUST292,PID169,Vacuum Cleaner,Home & Kitchen,4,46.33,185.32,2025-03-20
ORD1118,CUST182,PID266,Comics,Books,3,128.12,384.36,2025-06-14
ORD1119,CUST39,PID225,Cricket Bat,Sports,3,130.57,391.71,2024-08-07
ORD1120,CUST126,PID157,Football,Sports,4,63.81,255.24,2024-12-26
ORD1121,CUST1,PID486,Self Help,Books,1,122.57,122.57,2025-05-19
ORD1122,CUST191,PID607,Lamp,Home & Kitchen,1,46.03,46.03,2024-04-26
ORD1123,CUST134,PID157,Laptop,Electronics,4,489.06,1956.24,2024-06-21
ORD1124,CUST149,PID179,Dumbbells,Sports,2,462.7,925.4,2024-08-16
ORD1125,CUST164,PID326,Dress,Clothing,3,484.8,1454.4,2025-02-05
ORD1126,CUST47,PID332,Vacuum Cleaner,Home & Kitchen,1,349.4,349.4,2025-02-18
ORD1127,CUST1,PID472,Tennis Racket,Sports,2,294.24,588.48,2025-04-15
ORD1128,CUST12,PID429,Smartphone,Electronics,4,33.64,134.56,2024-12-23
ORD1129,CUST156,PID472,Face Cream,Beauty,4,88.99,355.96,2024-03-30
ORD1130,CUST136,PID797,Camera,Electronics,4,293.91,1175.64,2024-02-10
ORD1131,CUST228,PID803,T-Shirt,Clothing,3,350.59,1051.77,2024-05-24
ORD1132,CUST201,PID823,Sofa,Home & Kitchen,1,343.94,343.94,2025-07-11
ORD1133,CUST35,PID352,Laptop,Electronics,2,475.15,950.3,2024-09-12
ORD1134,CUST197,PID914,Sofa,Home & Kitchen,1,212.03,212.03,2024-08-29
ORD1135,CUST251,PID976,Cricket Bat,Sports,1,18.05,18.05,2025-01-08
ORD1136,CUST65,PID245,Nail Polish,Beauty,4,492.72,1970.88,2024-10-08
ORD1137,CUST63,PID316,Sofa,Home & Kitchen,2,415.44,830.88,2025-04-05
ORD1138,CUST98,PID204,Sofa,Home & Kitchen,3,71.26,213.78,2025-02-08
ORD1139,CUST6,PID575,Sofa,Home & Kitchen,1,269.5,269.5,2025-03-12
ORD1140,CUST23,PID664,Science Textbook,Books,1,379.76,379.76,2024-03-23
ORD1141,CUST145,PID184,Dumbbells,Sports,2,106.5,213.0,2024-01-01
ORD1142,CUST51,PID784,Lamp,Home & Kitchen,1,107.58,107.58,2025-03-24
ORD1143,CUST288,PID133,Self Help,Books,4,137.99,551.96,2025-07-04
ORD1144,CUST154,PID349,Dress,Clothing,2,240.72,481.44,2024-11-01
ORD1145,CUST268,PID153,Face Cream,Beauty,4,282.66,1130.64,2025-02-04
ORD1146,CUST112,PID866,Camera,Electronics,3,213.17,639.51,2024-08-16
ORD1147,CUST66,PID174,Fiction Novel,Books,3,452.06,1356.18,2024-11-01
ORD1148,CUST98,PID949,Jeans,Clothing,2,279.63,559.26,2025-03-10
ORD1149,CUST249,PID265,Nail Polish,Beauty,1,392.91,392.91,2025-06-25
ORD1150,CUST247,PID205,T-Shirt,Clothing,3,350.33,1050.99,2024-05-17
ORD1151,CUST184,PID500,Laptop,Electronics,2,385.61,771.22,2024-03-09
ORD1152,CUST34,PID873,Laptop,Electronics,1,176.97,176.97,2024-05-05
ORD1153,CUST235,PID142,Cricket Bat,Sports,4,174.07,696.28,2024-04-20
ORD1154,CUST249,PID762,Tennis Racket,Sports,3,294.46,883.38,2025-01-08
ORD1155,CUST8,PID459,Jeans,Clothing,4,176.11,704.44,2024-07-13
ORD1156,CUST195,PID766,Shampoo,Beauty,1,486.69,486.69,2024-03-01
ORD1157,CUST122,PID150,Self Help,Books,3,411.79,1235.37,2025-04-10
ORD1158,CUST92,PID781,Sneakers,Clothing,1,20.74,20.74,2025-05-27
ORD1159,CUST133,PID332,Cookware,Home & Kitchen,4,107.14,428.56,2025-06-29
ORD1160,CUST78,PID829,Smartphone,Electronics,1,164.18,164.18,2024-09-05
ORD1161,CUST47,PID220,Biography,Books,2,45.47,90.94,2024-12-15
ORD1162,CUST107,PID930,Smartwatch,Electronics,4,35.23,140.92,2024-01-26
ORD1163,CUST292,PID356,Vacuum Cleaner,Home & Kitchen,4,375.39,1501.56,2024-09-09
ORD1164,CUST180,PID818,Fiction Novel,Books,3,188.38,565.14,2025-06-09
ORD1165,CUST28,PID177,Sneakers,Clothing,4,361.66,1446.64,2025-06-09
ORD1166,CUST187,PID411,Sneakers,Clothing,3,358.11,1074.33,2024-12-28
ORD1167,CUST239,PID607,T-Shirt,Clothing,1,434.27,434.27,2024-01-15
ORD1168,CUST192,PID730,Perfume,Beauty,1,95.23,95.23,2024-02-08
ORD1169,CUST273,PID330,Tennis Racket,Sports,2,167.11,334.22,2025-06-20
ORD1170,CUST145,PID624,Cricket Bat,Sports,4,239.62,958.48,2025-01-28
ORD1171,CUST67,PID332,Shampoo,Beauty,1,242.39,242.39,2024-08-15
ORD1172,CUST111,PID569,Yoga Mat,Sports,2,281.08,562.16,2025-01-03
ORD1173,CUST236,PID694,Cricket Bat,Sports,2,145.47,290.94,2025-06-01
ORD1174,CUST180,PID381,Perfume,Beauty,4,287.54,1150.16,2024-11-10
ORD1175,CUST229,PID476,Dress,Clothing,1,8.73,8.73,2024-10-03
ORD1176,CUST198,PID681,Perfume,Beauty,3,246.47,739.41,2024-12-15
ORD1177,CUST95,PID763,Dumbbells,Sports,3,421.95,1265.85,2024-08-30
ORD1178,CUST31,PID139,Lamp,Home & Kitchen,1,491.28,491.28,2024-08-10
ORD1179,CUST6,PID421,Biography,Books,4,484.89,1939.56,2024-01-04
ORD1180,CUST134,PID217,Science Textbook,Books,1,247.92,247.92,2025-07-27
ORD1181,CUST194,PID946,Lamp,Home & Kitchen,3,287.95,863.85,2025-03-10
ORD1182,CUST173,PID399,Lipstick,Beauty,1,97.59,97.59,2024-04-27
ORD1183,CUST275,PID823,Science Textbook,Books,1,369.44,369.44,2024-05-19
ORD1184,CUST47,PID100,Fiction Novel,Books,2,385.05,770.1,2025-07-03
ORD1185,CUST293,PID993,Perfume,Beauty,3,466.35,1399.05,2024-09-15
ORD1186,CUST161,PID789,Shampoo,Beauty,4,71.54,286.16,2024-06-20
ORD1187,CUST13,PID267,Sofa,Home & Kitchen,2,48.49,96.98,2024-11-14
ORD1188,CUST101,PID428,Jacket,Clothing,1,62.76,62.76,2025-07-03
ORD1189,CUST94,PID194,Self Help,Books,1,426.11,426.11,2024-08-23
ORD1190,CUST137,PID687,Lipstick,Beauty,3,37.92,113.76,2024-10-22
ORD1191,CUST60,PID931,Sofa,Home & Kitchen,1,74.19,74.19,2024-08-16
ORD1192,CUST270,PID927,Jeans,Clothing,2,413.44,826.88,2024-06-13
ORD1193,CUST5,PID950,Lamp,Home & Kitchen,3,318.71,956.13,2025-07-27
ORD1194,CUST132,PID700,Vacuum Cleaner,Home & Kitchen,1,296.21,296.21,2025-02-05
ORD1195,CUST296,PID939,Sofa,Home & Kitchen,3,358.32,1074.96,2025-02-25
ORD1196,CUST23,PID674,Camera,Electronics,3,290.86,872.58,2024-05-24
ORD1197,CUST225,PID602,Face Cream,Beauty,2,274.06,548.12,2024-04-13
ORD1198,CUST39,PID297,Comics,Books,2,169.74,339.48,2024-06-27
ORD1199,CUST42,PID547,Laptop,Electronics,4,398.04,1592.16,2024-10-15
ORD1200,CUST231,PID519,Face Cream,Beauty,1,80.08,80.08,2024-04-06
ORD1201,CUST289,PID353,Face Cream,Beauty,4,287.1,1148.4,2025-06-05
ORD1202,CUST5,PID734,Jacket,Clothing,2,174.33,348.66,2024-06-07
ORD1203,CUST228,PID976,Face Cream,Beauty,4,303.96,1215.84,2024-01-15
ORD1204,CUST157,PID747,Shampoo,Beauty,1,245.75,245.75,2024-11-19
ORD1205,CUST173,PID229,Biography,Books,3,322.37,967.11,2024-10-18
ORD1206,CUST282,PID910,Nail Polish,Beauty,3,176.12,528.36,2024-01-11
ORD1207,CUST254,PID941,Camera,Electronics,4,293.78,1175.12,2024-01-23
ORD1208,CUST218,PID240,Dress,Clothing,4,255.41,1021.64,2025-04-04
ORD1209,CUST133,PID987,Headphones,Electronics,1,355.08,355.08,2024-04-15
ORD1210,CUST92,PID898,Biography,Books,2,39.12,78.24,2024-02-20
ORD1211,CUST29,PID561,Headphones,Electronics,4,421.02,1684.08,2025-02-10
ORD1212,CUST257,PID913,Lipstick,Beauty,1,492.5,492.5,2025-02-23
ORD1213,CUST182,PID924,Cricket Bat,Sports,1,435.6,435.6,2025-07-20
ORD1214,CUST149,PID530,Football,Sports,1,373.4,373.4,2024-07-20
ORD1215,CUST117,PID765,Dining Table,Home & Kitchen,1,61.56,61.56,2024-08-31
ORD1216,CUST25,PID701,Lamp,Home & Kitchen,3,461.87,1385.61,2024-07-28
ORD1217,CUST17,PID739,Laptop,Electronics,3,21.26,63.78,2024-06-27
ORD1218,CUST182,PID763,Smartwatch,Electronics,1,251.69,251.69,2025-05-15
ORD1219,CUST161,PID276,Football,Sports,1,292.39,292.39,2024-06-04
ORD1220,CUST49,PID948,Face Cream,Beauty,4,232.2,928.8,2024-05-27
ORD1221,CUST118,PID441,Jacket,Clothing,4,269.86,1079.44,2024-12-25
ORD1222,CUST49,PID426,Nail Polish,Beauty,1,158.42,158.42,2024-08-02
ORD1223,CUST211,PID417,Cricket Bat,Sports,4,236.77,947.08,2024-10-31
ORD1224,CUST286,PID243,Cookware,Home & Kitchen,4,295.79,1183.16,2025-08-12
ORD1225,CUST175,PID293,Cookware,Home & Kitchen,2,223.18,446.36,2024-04-23
ORD1226,CUST222,PID777,T-Shirt,Clothing,3,81.84,245.52,2024-09-20
ORD1227,CUST55,PID970,Jeans,Clothing,3,189.79,569.37,2025-04-02
ORD1228,CUST162,PID479,Smartphone,Electronics,1,17.57,17.57,2025-04-20
ORD1229,CUST288,PID277,T-Shirt,Clothing,3,331.17,993.51,2024-11-08
ORD1230,CUST247,PID934,Smartwatch,Electronics,4,102.08,408.32,2024-11-23
ORD1231,CUST54,PID860,Nail Polish,Beauty,3,286.87,860.61,2024-02-20
ORD1232,CUST97,PID703,Laptop,Electronics,3,361.8,1085.4,2024-04-05
ORD1233,CUST88,PID177,Smartphone,Electronics,4,428.57,1714.28,2025-05-05
ORD1234,CUST165,PID281,Smartwatch,Electronics,1,206.16,206.16,2024-01-07
ORD1235,CUST263,PID772,Science Textbook,Books,3,424.82,1274.46,2025-01-15
ORD1236,CUST36,PID384,Lamp,Home & Kitchen,4,353.45,1413.8,2025-06-06
ORD1237,CUST234,PID485,T-Shirt,Clothing,3,297.2,891.6,2025-01-30
ORD1238,CUST20,PID360,Shampoo,Beauty,1,207.66,207.66,2024-08-13
ORD1239,CUST53,PID966,Smartwatch,Electronics,4,487.4,1949.6,2024-12-29
ORD1240,CUST280,PID692,Lamp,Home & Kitchen,2,285.06,570.12,2024-02-28
ORD1241,CUST215,PID227,Cricket Bat,Sports,4,215.48,861.92,2024-04-24
ORD1242,CUST209,PID625,Jeans,Clothing,1,273.11,273.11,2024-08-24
ORD1243,CUST281,PID458,Yoga Mat,Sports,1,73.98,73.98,2024-08-22
ORD1244,CUST4,PID765,Laptop,Electronics,2,450.78,901.56,2024-03-15
ORD1245,CUST146,PID227,Headphones,Electronics,1,408.45,408.45,2024-02-10
ORD1246,CUST34,PID116,Perfume,Beauty,1,327.45,327.45,2025-01-12
ORD1247,CUST76,PID698,Shampoo,Beauty,1,10.44,10.44,2024-01-27
ORD1248,CUST287,PID745,Cookware,Home & Kitchen,3,300.72,902.16,2024-09-24
ORD1249,CUST237,PID920,Face Cream,Beauty,3,288.78,866.34,2025-02-04
ORD1250,CUST190,PID733,Comics,Books,2,28.25,56.5,2024-12-28
ORD1251,CUST193,PID918,Perfume,Beauty,1,303.56,303.56,2024-01-29
ORD1252,CUST149,PID878,Biography,Books,4,221.41,885.64,2024-04-22
ORD1253,CUST187,PID906,Dress,Clothing,4,285.37,1141.48,2024-04-07
ORD1254,CUST55,PID722,Science Textbook,Books,4,468.73,1874.92,2024-03-09
ORD1255,CUST289,PID861,Football,Sports,4,272.22,1088.88,2025-04-11
ORD1256,CUST227,PID343,Cookware,Home & Kitchen,3,423.97,1271.91,2025-05-21
ORD1257,CUST201,PID253,Camera,Electronics,2,57.77,115.54,2024-10-22
ORD1258,CUST17,PID740,Yoga Mat,Sports,1,353.94,353.94,2024-02-11
ORD1259,CUST25,PID138,Perfume,Beauty,3,410.46,1231.38,2024-08-16
ORD1260,CUST108,PID271,Sneakers,Clothing,3,139.71,419.13,2025-06-07
ORD1261,CUST275,PID712,Lamp,Home & Kitchen,4,404.68,1618.72,2024-01-17
ORD1262,CUST57,PID922,Fiction Novel,Books,1,96.64,96.64,2024-11-13
ORD1263,CUST80,PID315,Smartwatch,Electronics,3,367.45,1102.35,2024-03-21
ORD1264,CUST215,PID584,Sofa,Home & Kitchen,2,320.43,640.86,2024-07-18
ORD1265,CUST25,PID565,Biography,Books,1,325.1,325.1,2025-07-24
ORD1266,CUST26,PID146,Laptop,Electronics,4,354.26,1417.04,2025-02-04
ORD1267,CUST282,PID185,Tennis Racket,Sports,2,159.86,319.72,2024-11-30
ORD1268,CUST117,PID618,Yoga Mat,Sports,1,100.34,100.34,2025-05-12
ORD1269,CUST215,PID576,Fiction Novel,Books,2,373.81,747.62,2025-01-06
ORD1270,CUST103,PID372,Cookware,Home & Kitchen,2,300.15,600.3,2024-07-06
ORD1271,CUST98,PID230,Self Help,Books,1,267.48,267.48,2024-07-01
ORD1272,CUST39,PID626,Cookware,Home & Kitchen,4,272.05,1088.2,2024-12-14
ORD1273,CUST210,PID260,Dumbbells,Sports,4,216.27,865.08,2024-04-17
ORD1274,CUST227,PID269,Self Help,Books,2,15.53,31.06,2024-05-20
ORD1275,CUST274,PID515,Biography,Books,4,400.4,1601.6,2024-02-08
ORD1276,CUST29,PID576,Smartwatch,Electronics,2,242.54,485.08,2024-09-28
ORD1277,CUST236,PID338,Football,Sports,1,385.3,385.3,2024-12-24
ORD1278,CUST65,PID788,Vacuum Cleaner,Home & Kitchen,3,236.32,708.96,2025-01-10
ORD1279,CUST158,PID423,Jeans,Clothing,2,120.64,241.28,2025-03-07
ORD1280,CUST193,PID684,Camera,Electronics,3,195.24,585.72,2024-12-09
ORD1281,CUST140,PID286,Headphones,Electronics,2,400.0,800.0,2025-01-14
ORD1282,CUST198,PID906,Nail Polish,Beauty,4,442.68,1770.72,2024-12-09
ORD1283,CUST11,PID161,Sofa,Home & Kitchen,1,494.65,494.65,2025-07-17
ORD1284,CUST260,PID670,Vacuum Cleaner,Home & Kitchen,4,471.65,1886.6,2025-07-28
ORD1285,CUST243,PID592,Camera,Electronics,2,119.18,238.36,2024-08-13
ORD1286,CUST218,PID852,Laptop,Electronics,2,390.89,781.78,2025-05-31
ORD1287,CUST261,PID153,Laptop,Electronics,3,112.08,336.24,2025-06-04
ORD1288,CUST99,PID119,Smartphone,Electronics,2,264.89,529.78,2025-05-04
ORD1289,CUST178,PID949,Headphones,Electronics,2,498.19,996.38,2024-01-03
ORD1290,CUST160,PID838,Self Help,Books,2,313.35,626.7,2024-03-29
ORD1291,CUST68,PID456,Smartphone,Electronics,2,231.43,462.86,2024-11-18
ORD1292,CUST123,PID640,Lipstick,Beauty,1,26.97,26.97,2024-11-27
ORD1293,CUST170,PID620,Lamp,Home & Kitchen,3,329.34,988.02,2024-09-17
ORD1294,CUST226,PID223,Smartwatch,Electronics,3,7.52,22.56,2024-09-07
ORD1295,CUST176,PID701,Vacuum Cleaner,Home & Kitchen,2,45.12,90.24,2024-11-11
ORD1296,CUST176,PID895,Cookware,Home & Kitchen,1,495.78,495.78,2024-04-23
ORD1297,CUST40,PID400,Comics,Books,4,260.46,1041.84,2024-04-24
ORD1298,CUST186,PID422,Shampoo,Beauty,4,332.75,1331.0,2024-02-09
ORD1299,CUST237,PID388,Nail Polish,Beauty,2,263.02,526.04,2024-12-01
ORD1300,CUST168,PID191,Perfume,Beauty,1,82.88,82.88,2024-12-28
ORD1301,CUST45,PID444,Football,Sports,1,341.67,341.67,2024-07-09
ORD1302,CUST155,PID521,Science Textbook,Books,4,83.51,334.04,2025-07-10
ORD1303,CUST249,PID130,Comics,Books,3,7.55,22.65,2024-12-28
ORD1304,CUST158,PID650,Yoga Mat,Sports,3,5.55,16.65,2024-09-14
ORD1305,CUST206,PID688,Headphones,Electronics,1,133.05,133.05,2024-08-11
ORD1306,CUST13,PID145,Laptop,Electronics,3,490.69,1472.07,2024-01-17
ORD1307,CUST223,PID965,Dining Table,Home & Kitchen,4,9.49,37.96,2024-12-30
ORD1308,CUST163,PID425,Yoga Mat,Sports,3,381.71,1145.13,2025-08-08
ORD1309,CUST233,PID323,Comics,Books,2,174.23,348.46,2025-07-25
ORD1310,CUST222,PID136,Tennis Racket,Sports,1,395.46,395.46,2025-04-28
ORD1311,CUST242,PID423,Dining Table,Home & Kitchen,3,87.36,262.08,2025-06-07
ORD1312,CUST193,PID121,Self Help,Books,2,41.97,83.94,2024-07-28
ORD1313,CUST270,PID803,Smartphone,Electronics,3,484.59,1453.77,2024-08-14
ORD1314,CUST7,PID128,T-Shirt,Clothing,3,411.65,1234.95,2024-03-19
ORD1315,CUST58,PID637,Face Cream,Beauty,2,140.45,280.9,2024-10-11
ORD1316,CUST4,PID198,Fiction Novel,Books,1,427.83,427.83,2024-09-27
ORD1317,CUST285,PID256,Sofa,Home & Kitchen,3,114.28,342.84,2024-05-09
ORD1318,CUST175,PID183,Jeans,Clothing,2,70.01,140.02,2025-01-16
ORD1319,CUST236,PID539,Jacket,Clothing,4,366.98,1467.92,2024-10-29
ORD1320,CUST84,PID873,Headphones,Electronics,3,140.74,422.22,2025-01-21
ORD1321,CUST257,PID669,Sofa,Home & Kitchen,4,363.59,1454.36,2024-06-10
ORD1322,CUST163,PID931,Smartwatch,Electronics,1,327.58,327.58,2025-06-07
ORD1323,CUST274,PID370,Nail Polish,Beauty,4,239.24,956.96,2025-08-06
ORD1324,CUST60,PID529,Sneakers,Clothing,1,434.97,434.97,2024-11-04
ORD1325,CUST8,PID690,Laptop,Electronics,3,423.17,1269.51,2024-07-17
ORD1326,CUST181,PID635,Jeans,Clothing,4,483.92,1935.68,2025-07-11
ORD1327,CUST15,PID252,Comics,Books,2,63.07,126.14,2024-09-29
ORD1328,CUST236,PID951,Nail Polish,Beauty,4,281.41,1125.64,2025-05-15
ORD1329,CUST117,PID485,Lipstick,Beauty,4,219.46,877.84,2024-03-04
ORD1330,CUST205,PID820,Biography,Books,4,234.98,939.92,2024-11-15
ORD1331,CUST95,PID265,Dining Table,Home & Kitchen,4,330.21,1320.84,2024-04-11
ORD1332,CUST267,PID313,Lipstick,Beauty,3,56.94,170.82,2025-02-04
ORD1333,CUST76,PID988,Lipstick,Beauty,2,75.54,151.08,2025-08-14
ORD1334,CUST86,PID191,Cookware,Home & Kitchen,4,176.28,705.12,2024-08-29
ORD1335,CUST2,PID324,Jacket,Clothing,1,441.85,441.85,2025-08-11
ORD1336,CUST116,PID765,Sneakers,Clothing,2,164.44,328.88,2024-06-14
ORD1337,CUST90,PID785,Dumbbells,Sports,2,401.29,802.58,2024-04-15
ORD1338,CUST123,PID108,Comics,Books,2,310.22,620.44,2024-08-10
ORD1339,CUST41,PID469,Lamp,Home & Kitchen,4,436.13,1744.52,2024-11-13
ORD1340,CUST84,PID417,Biography,Books,3,408.34,1225.02,2024-01-07
ORD1341,CUST84,PID307,Perfume,Beauty,4,300.75,1203.0,2024-01-22
ORD1342,CUST3,PID226,Self Help,Books,1,86.18,86.18,2024-01-14
ORD1343,CUST12,PID186,Shampoo,Beauty,4,83.97,335.88,2024-10-27
ORD1344,CUST243,PID221,Self Help,Books,3,488.05,1464.15,2024-12-21
ORD1345,CUST173,PID832,Self Help,Books,3,219.66,658.98,2024-10-14
ORD1346,CUST300,PID693,Tennis Racket,Sports,2,361.0,722.0,2025-07-02
ORD1347,CUST59,PID742,Perfume,Beauty,4,103.77,415.08,2024-02-04
ORD1348,CUST93,PID306,Yoga Mat,Sports,1,421.02,421.02,2024-06-07
ORD1349,CUST24,PID503,Sofa,Home & Kitchen,1,176.24,176.24,2024-12-29
ORD1350,CUST20,PID251,Dress,Clothing,2,434.18,868.36,2025-02-23
ORD1351,CUST250,PID216,Smartphone,Electronics,2,245.9,491.8,2025-07-31
ORD1352,CUST262,PID394,Tennis Racket,Sports,2,496.11,992.22,2024-07-04
ORD1353,CUST246,PID736,Science Textbook,Books,4,195.0,780.0,2025-06-13
ORD1354,CUST40,PID120,Perfume,Beauty,3,121.72,365.16,2025-06-03
ORD1355,CUST100,PID851,Dress,Clothing,2,93.94,187.88,2025-06-09
ORD1356,CUST2,PID474,Tennis Racket,Sports,1,427.92,427.92,2025-07-06
ORD1357,CUST111,PID113,Nail Polish,Beauty,4,291.81,1167.24,2024-03-24
ORD1358,CUST130,PID842,Sneakers,Clothing,2,327.8,655.6,2024-01-28
ORD1359,CUST66,PID262,Dining Table,Home & Kitchen,1,9.47,9.47,2025-03-24
ORD1360,CUST164,PID400,Fiction Novel,Books,3,229.63,688.89,2025-01-29
ORD1361,CUST10,PID806,Laptop,Electronics,2,89.03,178.06,2024-12-26
ORD1362,CUST257,PID232,Camera,Electronics,4,296.0,1184.0,2025-05-27
ORD1363,CUST64,PID985,Dress,Clothing,4,192.78,771.12,2024-04-16
ORD1364,CUST175,PID303,Biography,Books,1,391.99,391.99,2025-07-09
ORD1365,CUST156,PID466,Perfume,Beauty,3,281.28,843.84,2024-09-07
ORD1366,CUST130,PID610,Tennis Racket,Sports,1,468.62,468.62,2024-01-01
ORD1367,CUST119,PID134,Cricket Bat,Sports,2,94.11,188.22,2024-02-28
ORD1368,CUST161,PID790,Vacuum Cleaner,Home & Kitchen,2,345.66,691.32,2024-10-02
ORD1369,CUST181,PID341,Laptop,Electronics,4,344.55,1378.2,2024-05-05
ORD1370,CUST217,PID405,Jacket,Clothing,1,434.62,434.62,2024-08-10
ORD1371,CUST184,PID594,Smartwatch,Electronics,3,246.98,740.94,2025-03-03
ORD1372,CUST294,PID951,Sofa,Home & Kitchen,3,19.84,59.52,2024-11-03
ORD1373,CUST234,PID991,Face Cream,Beauty,3,85.38,256.14,2024-12-06
ORD1374,CUST129,PID875,Smartwatch,Electronics,1,224.66,224.66,2025-05-31
ORD1375,CUST86,PID274,Smartphone,Electronics,2,332.51,665.02,2024-04-28
ORD1376,CUST218,PID526,Vacuum Cleaner,Home & Kitchen,2,13.67,27.34,2024-05-24
ORD1377,CUST26,PID747,Laptop,Electronics,3,287.45,862.35,2025-08-10
ORD1378,CUST289,PID100,Self Help,Books,3,470.73,1412.19,2024-02-22
ORD1379,CUST69,PID460,Smartphone,Electronics,2,177.54,355.08,2025-07-28
ORD1380,CUST73,PID260,Dining Table,Home & Kitchen,1,496.7,496.7,2025-08-07
ORD1381,CUST245,PID688,Vacuum Cleaner,Home & Kitchen,3,370.53,1111.59,2024-11-19
ORD1382,CUST98,PID480,Camera,Electronics,2,166.88,333.76,2024-01-19
ORD1383,CUST82,PID496,Dining Table,Home & Kitchen,1,162.01,162.01,2024-12-30
ORD1384,CUST129,PID443,Perfume,Beauty,2,274.52,549.04,2024-03-05
ORD1385,CUST76,PID810,Sofa,Home & Kitchen,3,349.26,1047.78,2025-04-17
ORD1386,CUST224,PID596,Biography,Books,3,117.5,352.5,2024-09-23
ORD1387,CUST110,PID941,Face Cream,Beauty,2,234.43,468.86,2024-01-03
ORD1388,CUST85,PID893,Sofa,Home & Kitchen,4,261.95,1047.8,2025-03-29
ORD1389,CUST117,PID320,T-Shirt,Clothing,2,58.91,117.82,2024-05-12
ORD1390,CUST293,PID399,Fiction Novel,Books,4,305.91,1223.64,2024-12-08
ORD1391,CUST21,PID506,Shampoo,Beauty,3,8.74,26.22,2024-04-26
ORD1392,CUST124,PID498,Dining Table,Home & Kitchen,1,329.07,329.07,2024-02-20
ORD1393,CUST271,PID423,Comics,Books,1,242.2,242.2,2024-11-29
ORD1394,CUST52,PID593,Smartwatch,Electronics,3,465.15,1395.45,2024-06-04
ORD1395,CUST291,PID747,Camera,Electronics,4,49.37,197.48,2024-01-02
ORD1396,CUST77,PID743,Laptop,Electronics,2,65.33,130.66,2025-04-03
ORD1397,CUST263,PID450,Tennis Racket,Sports,4,94.81,379.24,2024-06-07
ORD1398,CUST71,PID411,Comics,Books,1,285.82,285.82,2024-10-24
ORD1399,CUST36,PID183,Dumbbells,Sports,4,48.08,192.32,2025-01-19
ORD1400,CUST172,PID475,Headphones,Electronics,1,318.41,318.41,2024-05-20
ORD1401,CUST118,PID376,Biography,Books,2,298.8,597.6,2024-01-26
ORD1402,CUST9,PID882,Biography,Books,2,91.51,183.02,2025-08-06
ORD1403,CUST152,PID819,Smartwatch,Electronics,1,122.25,122.25,2024-10-19
ORD1404,CUST68,PID149,Shampoo,Beauty,4,412.19,1648.76,2024-02-29
ORD1405,CUST167,PID301,Cricket Bat,Sports,1,52.29,52.29,2025-03-14
ORD1406,CUST242,PID680,Vacuum Cleaner,Home & Kitchen,3,121.44,364.32,2024-04-17
ORD1407,CUST226,PID772,Yoga Mat,Sports,3,270.0,810.0,2025-03-07
ORD1408,CUST293,PID754,Football,Sports,3,305.51,916.53,2024-06-08
ORD1409,CUST11,PID749,Sneakers,Clothing,1,198.5,198.5,2025-05-23
ORD1410,CUST254,PID869,Cricket Bat,Sports,4,72.54,290.16,2025-08-19
ORD1411,CUST146,PID934,Fiction Novel,Books,2,216.96,433.92,2024-06-15
ORD1412,CUST241,PID558,Comics,Books,3,173.84,521.52,2024-10-28
ORD1413,CUST19,PID679,Fiction Novel,Books,2,171.93,343.86,2024-10-14
ORD1414,CUST167,PID720,Headphones,Electronics,2,136.12,272.24,2024-12-18
ORD1415,CUST164,PID998,Sneakers,Clothing,1,165.07,165.07,2024-03-10
ORD1416,CUST196,PID880,Shampoo,Beauty,1,416.77,416.77,2025-05-31
ORD1417,CUST27,PID259,Jacket,Clothing,1,139.22,139.22,2025-07-15
ORD1418,CUST67,PID911,Camera,Electronics,1,231.15,231.15,2024-12-07
ORD1419,CUST130,PID826,Cricket Bat,Sports,4,332.61,1330.44,2024-07-27
ORD1420,CUST291,PID453,Self Help,Books,3,235.28,705.84,2024-09-20
ORD1421,CUST150,PID911,Smartwatch,Electronics,2,479.02,958.04,2025-04-21
ORD1422,CUST287,PID402,Lamp,Home & Kitchen,1,89.39,89.39,2025-03-21
ORD1423,CUST158,PID732,Smartphone,Electronics,3,379.3,1137.9,2025-02-03
ORD1424,CUST136,PID614,Smartwatch,Electronics,4,194.35,777.4,2024-10-05
ORD1425,CUST115,PID203,Tennis Racket,Sports,2,496.28,992.56,2024-09-04
ORD1426,CUST121,PID385,Shampoo,Beauty,1,51.0,51.0,2025-02-09
ORD1427,CUST231,PID899,Lipstick,Beauty,1,306.2,306.2,2025-04-04
ORD1428,CUST38,PID599,Face Cream,Beauty,2,36.24,72.48,2025-04-25
ORD1429,CUST151,PID213,Jeans,Clothing,1,183.27,183.27,2024-12-06
ORD1430,CUST258,PID860,Lamp,Home & Kitchen,1,257.31,257.31,2024-06-28
ORD1431,CUST190,PID506,Sneakers,Clothing,2,302.29,604.58,2024-11-06
ORD1432,CUST262,PID518,Headphones,Electronics,2,251.0,502.0,2024-12-07
ORD1433,CUST101,PID343,Fiction Novel,Books,2,253.07,506.14,2025-07-14
ORD1434,CUST42,PID777,Yoga Mat,Sports,2,315.84,631.68,2024-06-06
ORD1435,CUST216,PID769,Cricket Bat,Sports,2,403.93,807.86,2024-01-07
ORD1436,CUST14,PID172,Football,Sports,3,204.48,613.44,2025-07-31
ORD1437,CUST130,PID565,Lamp,Home & Kitchen,2,487.93,975.86,2024-09-22
ORD1438,CUST25,PID892,Sofa,Home & Kitchen,1,431.7,431.7,2024-06-12
ORD1439,CUST95,PID881,Dumbbells,Sports,1,305.1,305.1,2024-08-25
ORD1440,CUST25,PID752,Dress,Clothing,1,65.27,65.27,2025-06-20
ORD1441,CUST79,PID679,Vacuum Cleaner,Home & Kitchen,1,277.02,277.02,2024-05-07
ORD1442,CUST96,PID191,Smartphone,Electronics,1,468.54,468.54,2025-06-15
ORD1443,CUST146,PID927,Biography,Books,3,322.21,966.63,2024-02-12
ORD1444,CUST254,PID229,Jeans,Clothing,4,185.58,742.32,2024-10-13
ORD1445,CUST5,PID566,Sofa,Home & Kitchen,2,232.6,465.2,2025-01-16
ORD1446,CUST267,PID789,Headphones,Electronics,1,311.65,311.65,2025-04-07
ORD1447,CUST83,PID198,Tennis Racket,Sports,1,65.09,65.09,2024-07-08
ORD1448,CUST263,PID179,Cricket Bat,Sports,4,35.83,143.32,2024-09-16
ORD1449,CUST260,PID714,Jeans,Clothing,4,407.92,1631.68,2024-12-24
ORD1450,CUST221,PID919,Perfume,Beauty,4,265.89,1063.56,2024-08-18
ORD1451,CUST178,PID162,Jacket,Clothing,1,443.87,443.87,2025-07-27
ORD1452,CUST256,PID582,Face Cream,Beauty,3,265.12,795.36,2025-06-09
ORD1453,CUST229,PID697,Comics,Books,1,10.46,10.46,2025-01-20
ORD1454,CUST62,PID830,Camera,Electronics,1,14.5,14.5,2025-08-13
ORD1455,CUST149,PID749,Tennis Racket,Sports,3,72.87,218.61,2025-02-26
ORD1456,CUST65,PID112,Science Textbook,Books,1,417.98,417.98,2025-05-07
ORD1457,CUST213,PID792,Laptop,Electronics,2,36.99,73.98,2024-06-12
ORD1458,CUST188,PID494,Perfume,Beauty,3,252.17,756.51,2024-07-01
ORD1459,CUST117,PID893,Yoga Mat,Sports,2,79.27,158.54,2025-07-17
ORD1460,CUST112,PID863,Smartwatch,Electronics,2,240.63,481.26,2025-03-11
ORD1461,CUST42,PID120,Self Help,Books,2,446.58,893.16,2024-04-14
ORD1462,CUST192,PID116,Tennis Racket,Sports,4,161.13,644.52,2024-05-08
ORD1463,CUST130,PID671,Tennis Racket,Sports,4,131.06,524.24,2024-01-10
ORD1464,CUST242,PID925,Face Cream,Beauty,4,451.37,1805.48,2024-10-10
ORD1465,CUST203,PID858,Cookware,Home & Kitchen,2,196.24,392.48,2024-07-18
ORD1466,CUST79,PID954,Camera,Electronics,4,441.82,1767.28,2025-08-03
ORD1467,CUST87,PID200,Dress,Clothing,4,25.63,102.52,2025-05-19
ORD1468,CUST87,PID142,Smartphone,Electronics,1,40.68,40.68,2025-02-11
ORD1469,CUST152,PID116,Lipstick,Beauty,1,256.75,256.75,2024-08-19
ORD1470,CUST228,PID750,Sneakers,Clothing,4,388.45,1553.8,2025-01-25
ORD1471,CUST28,PID662,Cricket Bat,Sports,3,209.0,627.0,2024-12-15
ORD1472,CUST8,PID419,Science Textbook,Books,2,15.37,30.74,2025-01-02
ORD1473,CUST220,PID436,T-Shirt,Clothing,3,392.33,1176.99,2024-12-25
ORD1474,CUST49,PID903,Laptop,Electronics,2,134.05,268.1,2024-06-17
ORD1475,CUST217,PID477,T-Shirt,Clothing,3,25.77,77.31,2025-01-04
ORD1476,CUST266,PID248,Self Help,Books,4,149.95,599.8,2025-05-02
ORD1477,CUST258,PID473,Self Help,Books,1,293.3,293.3,2024-12-16
ORD1478,CUST288,PID387,Smartphone,Electronics,4,82.54,330.16,2025-06-05
ORD1479,CUST271,PID372,Smartphone,Electronics,4,301.27,1205.08,2025-05-02
ORD1480,CUST124,PID725,Science Textbook,Books,2,140.53,281.06,2024-06-20
ORD1481,CUST288,PID534,Self Help,Books,2,11.29,22.58,2024-05-01
ORD1482,CUST32,PID321,Face Cream,Beauty,3,440.24,1320.72,2024-08-20
ORD1483,CUST18,PID248,Face Cream,Beauty,1,114.43,114.43,2024-10-28
ORD1484,CUST238,PID746,Smartphone,Electronics,3,329.8,989.4,2024-07-21
ORD1485,CUST256,PID697,Cookware,Home & Kitchen,2,492.41,984.82,2025-06-17
ORD1486,CUST285,PID880,Vacuum Cleaner,Home & Kitchen,2,58.43,116.86,2024-07-31
ORD1487,CUST283,PID661,Sofa,Home & Kitchen,3,246.76,740.28,2025-02-10
ORD1488,CUST88,PID143,Fiction Novel,Books,1,209.64,209.64,2025-02-24
ORD1489,CUST189,PID452,Smartphone,Electronics,4,307.91,1231.64,2024-01-19
ORD1490,CUST23,PID512,Cricket Bat,Sports,2,437.29,874.58,2025-01-01
ORD1491,CUST281,PID227,Cricket Bat,Sports,1,84.24,84.24,2024-12-27
ORD1492,CUST186,PID755,Self Help,Books,4,127.11,508.44,2024-09-17
ORD1493,CUST3,PID548,Sofa,Home & Kitchen,4,54.09,216.36,2024-08-11
ORD1494,CUST10,PID504,Comics,Books,4,408.48,1633.92,2024-03-06
ORD1495,CUST112,PID112,Smartwatch,Electronics,1,279.34,279.34,2025-08-20
ORD1496,CUST234,PID701,Jeans,Clothing,2,22.48,44.96,2024-07-27
ORD1497,CUST14,PID732,Lamp,Home & Kitchen,2,380.54,761.08,2024-01-20
ORD1498,CUST75,PID854,Perfume,Beauty,3,156.27,468.81,2024-07-29
ORD1499,CUST101,PID797,Vacuum Cleaner,Home & Kitchen,4,195.76,783.04,2024-05-11
ORD1500,CUST20,PID635,Comics,Books,2,298.56,597.12,2025-04-13
ORD1501,CUST202,PID137,Comics,Books,2,180.97,361.94,2024-02-26
ORD1502,CUST20,PID372,Lipstick,Beauty,3,437.76,1313.28,2024-08-08
ORD1503,CUST14,PID614,Dining Table,Home & Kitchen,4,56.55,226.2,2024-02-24
ORD1504,CUST254,PID635,Cookware,Home & Kitchen,2,301.69,603.38,2024-06-07
ORD1505,CUST188,PID159,Laptop,Electronics,3,251.64,754.92,2024-07-29
ORD1506,CUST152,PID208,Jeans,Clothing,4,393.52,1574.08,2024-04-26
ORD1507,CUST192,PID118,Sofa,Home & Kitchen,4,189.86,759.44,2024-12-15
ORD1508,CUST183,PID212,Face Cream,Beauty,3,121.75,365.25,2024-04-22
ORD1509,CUST251,PID575,Dumbbells,Sports,3,384.46,1153.38,2024-04-27
ORD1510,CUST161,PID500,Lamp,Home & Kitchen,2,319.91,639.82,2024-02-16
ORD1511,CUST198,PID658,Camera,Electronics,2,374.87,749.74,2024-05-16
ORD1512,CUST90,PID499,Dress,Clothing,1,96.32,96.32,2025-07-26
ORD1513,CUST138,PID149,Sneakers,Clothing,3,17.97,53.91,2024-09-10
ORD1514,CUST118,PID809,Headphones,Electronics,1,465.16,465.16,2025-07-16
ORD1515,CUST245,PID525,Self Help,Books,3,217.68,653.04,2025-08-03
ORD1516,CUST49,PID173,Tennis Racket,Sports,4,244.07,976.28,2025-08-04
ORD1517,CUST90,PID359,Camera,Electronics,2,365.33,730.66,2024-11-08
ORD1518,CUST100,PID937,Science Textbook,Books,1,83.66,83.66,2024-12-29
ORD1519,CUST188,PID668,Headphones,Electronics,3,461.7,1385.1,2025-07-01
ORD1520,CUST213,PID507,Jeans,Clothing,4,27.07,108.28,2024-12-07
ORD1521,CUST220,PID262,Laptop,Electronics,3,453.6,1360.8,2025-02-03
ORD1522,CUST182,PID717,Face Cream,Beauty,1,389.47,389.47,2025-07-09
ORD1523,CUST228,PID795,Self Help,Books,3,36.01,108.03,2024-09-06
ORD1524,CUST21,PID295,Headphones,Electronics,2,208.49,416.98,2025-06-02
ORD1525,CUST70,PID738,Smartwatch,Electronics,3,15.8,47.4,2024-07-21
ORD1526,CUST148,PID571,Lipstick,Beauty,3,441.66,1324.98,2025-03-01
ORD1527,CUST154,PID591,Self Help,Books,4,133.78,535.12,2024-11-08
ORD1528,CUST165,PID413,Lamp,Home & Kitchen,1,131.98,131.98,2024-05-10
ORD1529,CUST87,PID829,Nail Polish,Beauty,1,284.84,284.84,2025-01-05
ORD1530,CUST161,PID277,Lipstick,Beauty,1,116.53,116.53,2025-05-04
ORD1531,CUST86,PID388,Comics,Books,1,490.36,490.36,2025-07-26
ORD1532,CUST28,PID142,Cookware,Home & Kitchen,1,396.89,396.89,2024-06-25
ORD1533,CUST17,PID709,Shampoo,Beauty,2,116.94,233.88,2025-07-30
ORD1534,CUST5,PID613,Perfume,Beauty,2,425.74,851.48,2024-03-06
ORD1535,CUST98,PID243,Sofa,Home & Kitchen,4,232.78,931.12,2024-03-26
ORD1536,CUST76,PID443,Fiction Novel,Books,3,258.69,776.07,2025-07-24
ORD1537,CUST138,PID710,Laptop,Electronics,4,398.02,1592.08,2025-07-14
ORD1538,CUST32,PID490,Lipstick,Beauty,1,86.53,86.53,2025-01-17
ORD1539,CUST68,PID977,Smartwatch,Electronics,4,262.1,1048.4,2025-01-10
ORD1540,CUST232,PID312,Nail Polish,Beauty,3,440.39,1321.17,2025-01-15
ORD1541,CUST168,PID157,Yoga Mat,Sports,4,387.15,1548.6,2025-03-22
ORD1542,CUST66,PID859,Sneakers,Clothing,2,175.11,350.22,2024-02-13
ORD1543,CUST97,PID653,T-Shirt,Clothing,4,400.18,1600.72,2025-03-11
ORD1544,CUST279,PID700,Shampoo,Beauty,3,193.31,579.93,2024-11-02
ORD1545,CUST267,PID603,Cricket Bat,Sports,4,264.05,1056.2,2025-05-22
ORD1546,CUST297,PID263,Tennis Racket,Sports,1,319.12,319.12,2025-07-20
ORD1547,CUST47,PID337,Dumbbells,Sports,4,262.49,1049.96,2025-04-12
ORD1548,CUST268,PID485,Perfume,Beauty,3,308.67,926.01,2024-09-15
ORD1549,CUST283,PID725,T-Shirt,Clothing,3,491.84,1475.52,2024-08-07
ORD1550,CUST129,PID619,Jacket,Clothing,1,367.65,367.65,2024-09-16
ORD1551,CUST246,PID886,Jacket,Clothing,4,63.23,252.92,2024-01-16
ORD1552,CUST129,PID674,Smartwatch,Electronics,1,492.13,492.13,2025-06-16
ORD1553,CUST158,PID368,Face Cream,Beauty,2,87.15,174.3,2024-04-11
ORD1554,CUST223,PID670,Self Help,Books,3,69.26,207.78,2025-06-20
ORD1555,CUST131,PID452,Shampoo,Beauty,4,361.08,1444.32,2025-01-16
ORD1556,CUST133,PID326,Smartwatch,Electronics,1,171.74,171.74,2024-09-21
ORD1557,CUST134,PID310,Jacket,Clothing,4,160.6,642.4,2025-01-29
ORD1558,CUST213,PID827,Jacket,Clothing,2,410.53,821.06,2025-08-10
ORD1559,CUST286,PID376,Dining Table,Home & Kitchen,4,413.86,1655.44,2024-07-08
ORD1560,CUST163,PID791,Shampoo,Beauty,2,177.23,354.46,2024-12-03
ORD1561,CUST75,PID378,Tennis Racket,Sports,4,290.74,1162.96,2024-09-29
ORD1562,CUST108,PID750,Dress,Clothing,2,489.66,979.32,2024-10-15
ORD1563,CUST212,PID992,T-Shirt,Clothing,4,57.64,230.56,2025-04-27
ORD1564,CUST248,PID255,Jeans,Clothing,3,91.57,274.71,2024-07-19
ORD1565,CUST148,PID223,Lipstick,Beauty,1,419.34,419.34,2024-07-09
ORD1566,CUST67,PID615,Comics,Books,2,258.76,517.52,2024-05-22
ORD1567,CUST191,PID632,Smartphone,Electronics,3,382.76,1148.28,2024-10-28
ORD1568,CUST142,PID559,Lamp,Home & Kitchen,1,384.2,384.2,2024-07-25
ORD1569,CUST210,PID214,Cricket Bat,Sports,1,437.74,437.74,2024-08-06
ORD1570,CUST91,PID453,Comics,Books,4,192.85,771.4,2024-05-21
ORD1571,CUST100,PID600,Face Cream,Beauty,4,68.78,275.12,2025-06-25
ORD1572,CUST84,PID980,Dress,Clothing,1,213.61,213.61,2024-09-26
ORD1573,CUST154,PID713,Vacuum Cleaner,Home & Kitchen,3,68.09,204.27,2024-03-23
ORD1574,CUST110,PID998,Lamp,Home & Kitchen,2,351.16,702.32,2024-10-10
ORD1575,CUST173,PID426,Lipstick,Beauty,2,364.7,729.4,2025-01-09
ORD1576,CUST121,PID607,Comics,Books,3,437.01,1311.03,2025-02-01
ORD1577,CUST120,PID536,Lipstick,Beauty,1,38.83,38.83,2025-04-09
ORD1578,CUST286,PID364,Dress,Clothing,4,285.75,1143.0,2024-03-29
ORD1579,CUST142,PID302,Jacket,Clothing,1,152.13,152.13,2024-11-29
ORD1580,CUST222,PID140,Dumbbells,Sports,4,36.92,147.68,2025-05-28
ORD1581,CUST125,PID721,T-Shirt,Clothing,2,446.69,893.38,2024-05-06
ORD1582,CUST255,PID794,Dress,Clothing,4,123.56,494.24,2025-03-07
ORD1583,CUST158,PID367,Laptop,Electronics,3,137.55,412.65,2025-05-08
ORD1584,CUST50,PID568,Lamp,Home & Kitchen,3,331.12,993.36,2024-10-30
ORD1585,CUST276,PID968,Jeans,Clothing,3,246.75,740.25,2024-07-19
ORD1586,CUST35,PID581,Perfume,Beauty,4,478.13,1912.52,2024-01-08
ORD1587,CUST76,PID273,Vacuum Cleaner,Home & Kitchen,3,73.07,219.21,2024-01-26
ORD1588,CUST93,PID505,Face Cream,Beauty,4,474.31,1897.24,2025-07-03
ORD1589,CUST276,PID604,Smartphone,Electronics,1,321.6,321.6,2025-03-30
ORD1590,CUST28,PID871,Headphones,Electronics,2,394.44,788.88,2025-08-01
ORD1591,CUST194,PID261,Headphones,Electronics,3,373.08,1119.24,2025-08-06
ORD1592,CUST87,PID361,Jacket,Clothing,2,130.92,261.84,2025-07-26
ORD1593,CUST268,PID361,Shampoo,Beauty,2,454.15,908.3,2025-04-11
ORD1594,CUST93,PID720,Football,Sports,1,313.15,313.15,2024-05-21
ORD1595,CUST291,PID531,Comics,Books,1,239.77,239.77,2024-02-18
ORD1596,CUST190,PID235,Jacket,Clothing,3,422.74,1268.22,2024-12-06
ORD1597,CUST245,PID803,Lipstick,Beauty,2,201.41,402.82,2025-01-16
ORD1598,CUST233,PID876,Smartwatch,Electronics,4,48.11,192.44,2025-07-06
ORD1599,CUST17,PID955,Cricket Bat,Sports,1,175.89,175.89,2024-07-01
ORD1600,CUST41,PID650,Biography,Books,1,339.33,339.33,2025-05-08
ORD1601,CUST147,PID432,Nail Polish,Beauty,3,140.99,422.97,2024-01-01
ORD1602,CUST168,PID719,Lamp,Home & Kitchen,3,208.46,625.38,2025-03-31
ORD1603,CUST109,PID367,Headphones,Electronics,1,158.14,158.14,2024-10-27
ORD1604,CUST90,PID202,Lamp,Home & Kitchen,4,411.49,1645.96,2025-06-03
ORD1605,CUST153,PID958,Dress,Clothing,2,30.31,60.62,2025-03-06
ORD1606,CUST215,PID788,Football,Sports,3,436.44,1309.32,2024-11-19
ORD1607,CUST161,PID738,Jacket,Clothing,4,187.68,750.72,2025-02-15
ORD1608,CUST84,PID212,Smartphone,Electronics,1,205.1,205.1,2024-02-10
ORD1609,CUST258,PID896,Self Help,Books,1,324.99,324.99,2024-09-22
ORD1610,CUST210,PID662,Yoga Mat,Sports,2,62.29,124.58,2025-07-04
ORD1611,CUST28,PID870,Vacuum Cleaner,Home & Kitchen,4,320.75,1283.0,2025-05-28
ORD1612,CUST93,PID777,Sofa,Home & Kitchen,3,269.31,807.93,2024-10-22
ORD1613,CUST258,PID180,Tennis Racket,Sports,1,213.91,213.91,2025-02-22
ORD1614,CUST235,PID932,Perfume,Beauty,3,290.71,872.13,2024-12-22
ORD1615,CUST213,PID673,Face Cream,Beauty,1,111.95,111.95,2024-10-05
ORD1616,CUST294,PID895,Lipstick,Beauty,1,347.78,347.78,2025-02-23
ORD1617,CUST99,PID528,Jacket,Clothing,3,273.55,820.65,2024-01-30
ORD1618,CUST188,PID463,Sofa,Home & Kitchen,2,195.2,390.4,2024-07-13
ORD1619,CUST156,PID271,Dining Table,Home & Kitchen,3,380.88,1142.64,2024-01-23
ORD1620,CUST75,PID659,Perfume,Beauty,4,188.73,754.92,2024-04-27
ORD1621,CUST100,PID479,Lamp,Home & Kitchen,1,265.28,265.28,2024-10-16
ORD1622,CUST156,PID106,Vacuum Cleaner,Home & Kitchen,4,27.17,108.68,2024-07-11
ORD1623,CUST47,PID247,Lamp,Home & Kitchen,3,17.6,52.8,2025-03-19
ORD1624,CUST126,PID494,Smartwatch,Electronics,1,55.12,55.12,2025-07-29
ORD1625,CUST176,PID727,Headphones,Electronics,4,494.08,1976.32,2024-01-31
ORD1626,CUST113,PID976,T-Shirt,Clothing,2,245.37,490.74,2025-01-10
ORD1627,CUST67,PID174,Perfume,Beauty,1,195.18,195.18,2024-06-03
ORD1628,CUST234,PID662,Science Textbook,Books,2,160.04,320.08,2024-05-04
ORD1629,CUST245,PID641,Camera,Electronics,2,450.54,901.08,2024-05-04
ORD1630,CUST37,PID269,Laptop,Electronics,4,160.41,641.64,2024-03-27
ORD1631,CUST134,PID807,Camera,Electronics,2,414.22,828.44,2025-01-03
ORD1632,CUST285,PID176,Smartwatch,Electronics,3,480.76,1442.28,2025-05-14
ORD1633,CUST109,PID835,Perfume,Beauty,4,387.9,1551.6,2024-03-09
ORD1634,CUST165,PID588,Cookware,Home & Kitchen,1,268.47,268.47,2024-12-30
ORD1635,CUST42,PID453,Sneakers,Clothing,4,355.96,1423.84,2025-05-11
ORD1636,CUST21,PID399,Dining Table,Home & Kitchen,3,281.07,843.21,2025-05-13
ORD1637,CUST92,PID379,Dress,Clothing,1,224.8,224.8,2024-04-20
ORD1638,CUST139,PID534,Laptop,Electronics,1,496.95,496.95,2024-04-13
ORD1639,CUST214,PID860,Headphones,Electronics,4,312.23,1248.92,2024-06-13
ORD1640,CUST8,PID383,Perfume,Beauty,1,240.4,240.4,2024-06-12
ORD1641,CUST147,PID163,Biography,Books,3,455.18,1365.54,2024-09-23
ORD1642,CUST173,PID658,Smartphone,Electronics,4,23.8,95.2,2025-01-29
ORD1643,CUST5,PID283,Cricket Bat,Sports,4,236.06,944.24,2025-06-07
ORD1644,CUST70,PID628,Comics,Books,3,234.02,702.06,2024-10-30
ORD1645,CUST108,PID847,Football,Sports,4,432.46,1729.84,2024-08-15
ORD1646,CUST102,PID686,Cricket Bat,Sports,1,283.54,283.54,2025-02-10
ORD1647,CUST203,PID803,Lamp,Home & Kitchen,1,184.32,184.32,2025-04-09
ORD1648,CUST179,PID830,Biography,Books,2,224.51,449.02,2024-12-30
ORD1649,CUST163,PID147,Nail Polish,Beauty,3,59.09,177.27,2024-04-25
ORD1650,CUST225,PID963,Dumbbells,Sports,4,35.92,143.68,2024-11-18
ORD1651,CUST13,PID593,Smartwatch,Electronics,1,463.56,463.56,2024-04-23
ORD1652,CUST22,PID448,Lipstick,Beauty,2,362.74,725.48,2025-07-19
ORD1653,CUST298,PID419,Fiction Novel,Books,2,324.01,648.02,2024-07-22
ORD1654,CUST194,PID780,Lipstick,Beauty,4,367.86,1471.44,2024-10-12
ORD1655,CUST57,PID833,T-Shirt,Clothing,3,495.32,1485.96,2025-01-04
ORD1656,CUST264,PID893,Lamp,Home & Kitchen,1,49.46,49.46,2025-06-25
ORD1657,CUST135,PID678,Science Textbook,Books,1,174.18,174.18,2025-07-02
ORD1658,CUST1,PID648,Dumbbells,Sports,1,377.95,377.95,2024-07-06
ORD1659,CUST128,PID300,Comics,Books,3,442.79,1328.37,2025-06-30
ORD1660,CUST194,PID802,Comics,Books,4,202.55,810.2,2025-01-18
ORD1661,CUST260,PID513,Cookware,Home & Kitchen,3,37.67,113.01,2024-12-20
ORD1662,CUST72,PID870,Tennis Racket,Sports,2,405.08,810.16,2024-10-16
ORD1663,CUST45,PID672,Jeans,Clothing,3,263.68,791.04,2025-06-11
ORD1664,CUST66,PID756,Smartphone,Electronics,3,421.83,1265.49,2025-01-14
ORD1665,CUST144,PID457,Sneakers,Clothing,4,76.87,307.48,2025-04-18
ORD1666,CUST13,PID283,Vacuum Cleaner,Home & Kitchen,3,109.5,328.5,2024-10-16
ORD1667,CUST295,PID550,Jacket,Clothing,4,149.79,599.16,2025-07-20
ORD1668,CUST27,PID729,Smartphone,Electronics,1,293.71,293.71,2024-11-16
ORD1669,CUST233,PID769,Fiction Novel,Books,1,21.67,21.67,2025-02-06
ORD1670,CUST53,PID886,Perfume,Beauty,1,381.01,381.01,2024-01-31
ORD1671,CUST183,PID122,Self Help,Books,4,227.43,909.72,2024-01-10
ORD1672,CUST54,PID663,Sofa,Home & Kitchen,4,342.9,1371.6,2024-01-14
ORD1673,CUST178,PID511,Self Help,Books,2,412.15,824.3,2025-02-11
ORD1674,CUST22,PID129,Lamp,Home & Kitchen,3,64.38,193.14,2024-02-28
ORD1675,CUST264,PID565,Laptop,Electronics,4,250.86,1003.44,2024-10-16
ORD1676,CUST248,PID453,Smartphone,Electronics,3,31.89,95.67,2025-07-14
ORD1677,CUST79,PID540,Nail Polish,Beauty,3,98.57,295.71,2024-06-02
ORD1678,CUST274,PID195,Tennis Racket,Sports,2,354.95,709.9,2024-12-08
ORD1679,CUST88,PID917,Perfume,Beauty,4,6.89,27.56,2024-11-20
ORD1680,CUST157,PID767,Cricket Bat,Sports,3,414.22,1242.66,2024-05-16
ORD1681,CUST162,PID527,Nail Polish,Beauty,4,395.52,1582.08,2024-05-20
ORD1682,CUST83,PID276,Yoga Mat,Sports,2,191.77,383.54,2025-02-24
ORD1683,CUST186,PID570,Fiction Novel,Books,2,284.49,568.98,2024-06-23
ORD1684,CUST23,PID824,Comics,Books,1,438.38,438.38,2024-04-10
ORD1685,CUST24,PID975,Dress,Clothing,3,475.63,1426.89,2025-03-06
ORD1686,CUST281,PID705,Camera,Electronics,1,57.16,57.16,2024-10-19
ORD1687,CUST298,PID200,Football,Sports,2,478.62,957.24,2025-06-23
ORD1688,CUST41,PID454,Headphones,Electronics,3,59.93,179.79,2024-08-14
ORD1689,CUST236,PID972,Perfume,Beauty,4,430.18,1720.72,2024-01-13
ORD1690,CUST210,PID840,Sneakers,Clothing,1,210.82,210.82,2025-06-11
ORD1691,CUST137,PID428,Sofa,Home & Kitchen,2,238.78,477.56,2024-04-09
ORD1692,CUST109,PID954,Lipstick,Beauty,1,22.79,22.79,2024-09-19
ORD1693,CUST292,PID373,Headphones,Electronics,3,161.24,483.72,2024-05-28
ORD1694,CUST28,PID587,Comics,Books,2,103.61,207.22,2024-12-21
ORD1695,CUST21,PID351,Football,Sports,3,187.05,561.15,2024-11-08
ORD1696,CUST49,PID217,Fiction Novel,Books,2,260.35,520.7,2024-02-13
ORD1697,CUST53,PID685,Nail Polish,Beauty,2,124.73,249.46,2024-04-11
ORD1698,CUST280,PID869,Self Help,Books,2,356.14,712.28,2025-02-01
ORD1699,CUST138,PID774,Yoga Mat,Sports,1,369.42,369.42,2024-01-17
ORD1700,CUST268,PID281,T-Shirt,Clothing,4,9.91,39.64,2024-06-19
ORD1701,CUST228,PID477,Jacket,Clothing,4,201.84,807.36,2024-04-28
ORD1702,CUST156,PID883,Jacket,Clothing,3,113.8,341.4,2025-05-16
ORD1703,CUST181,PID781,Laptop,Electronics,3,194.38,583.14,2025-02-24
ORD1704,CUST134,PID490,Sneakers,Clothing,4,169.39,677.56,2024-02-02
ORD1705,CUST55,PID618,Lipstick,Beauty,4,322.72,1290.88,2024-01-12
ORD1706,CUST16,PID819,Football,Sports,3,333.19,999.57,2024-08-15
ORD1707,CUST111,PID406,Cricket Bat,Sports,1,275.75,275.75,2024-08-12
ORD1708,CUST217,PID603,Yoga Mat,Sports,4,107.51,430.04,2024-02-28
ORD1709,CUST132,PID715,Self Help,Books,3,356.52,1069.56,2024-06-05
ORD1710,CUST98,PID325,Cookware,Home & Kitchen,4,239.33,957.32,2024-05-03
ORD1711,CUST218,PID615,Self Help,Books,2,495.15,990.3,2025-03-09
ORD1712,CUST143,PID899,Vacuum Cleaner,Home & Kitchen,4,389.58,1558.32,2025-06-12
ORD1713,CUST59,PID189,Biography,Books,4,311.77,1247.08,2025-03-16
ORD1714,CUST26,PID124,Smartwatch,Electronics,2,161.0,322.0,2024-12-04
ORD1715,CUST267,PID560,Shampoo,Beauty,1,266.0,266.0,2024-03-08
ORD1716,CUST49,PID786,Shampoo,Beauty,4,171.98,687.92,2025-03-13
ORD1717,CUST188,PID668,Jeans,Clothing,3,35.01,105.03,2024-08-29
ORD1718,CUST282,PID852,Self Help,Books,2,8.88,17.76,2024-12-26
ORD1719,CUST248,PID665,Sofa,Home & Kitchen,1,479.18,479.18,2024-01-15
ORD1720,CUST224,PID672,Sneakers,Clothing,2,341.41,682.82,2025-03-28
ORD1721,CUST294,PID673,Laptop,Electronics,2,381.62,763.24,2025-08-12
ORD1722,CUST202,PID401,Yoga Mat,Sports,1,232.01,232.01,2024-01-03
ORD1723,CUST6,PID192,Science Textbook,Books,4,108.55,434.2,2024-08-22
ORD1724,CUST108,PID260,Cookware,Home & Kitchen,1,490.69,490.69,2024-11-28
ORD1725,CUST50,PID622,Dining Table,Home & Kitchen,3,124.78,374.34,2025-08-04
ORD1726,CUST169,PID371,Sofa,Home & Kitchen,4,475.96,1903.84,2025-07-13
ORD1727,CUST184,PID931,Face Cream,Beauty,3,490.67,1472.01,2024-11-27
ORD1728,CUST139,PID456,Self Help,Books,1,460.1,460.1,2024-11-06
ORD1729,CUST154,PID489,Perfume,Beauty,4,415.55,1662.2,2025-07-24
ORD1730,CUST125,PID453,Laptop,Electronics,1,480.27,480.27,2024-09-01
ORD1731,CUST247,PID619,Lipstick,Beauty,1,427.84,427.84,2025-04-22
ORD1732,CUST94,PID932,Self Help,Books,3,334.97,1004.91,2024-07-05
ORD1733,CUST84,PID699,Face Cream,Beauty,2,386.96,773.92,2024-03-26
ORD1734,CUST44,PID236,Comics,Books,1,9.47,9.47,2025-05-26
ORD1735,CUST156,PID354,Self Help,Books,3,27.8,83.4,2024-06-18
ORD1736,CUST252,PID971,Cricket Bat,Sports,2,259.77,519.54,2024-06-03
ORD1737,CUST141,PID272,Shampoo,Beauty,2,451.18,902.36,2025-03-13
ORD1738,CUST248,PID346,Headphones,Electronics,3,477.65,1432.95,2024-05-08
ORD1739,CUST160,PID700,Vacuum Cleaner,Home & Kitchen,1,243.37,243.37,2025-02-07
ORD1740,CUST117,PID705,Jacket,Clothing,3,33.56,100.68,2024-12-24
ORD1741,CUST91,PID957,Vacuum Cleaner,Home & Kitchen,2,312.91,625.82,2024-04-25
ORD1742,CUST181,PID190,Yoga Mat,Sports,2,330.03,660.06,2024-04-23
ORD1743,CUST257,PID157,Science Textbook,Books,2,459.53,919.06,2024-09-22
ORD1744,CUST203,PID140,Smartphone,Electronics,1,118.2,118.2,2024-07-11
ORD1745,CUST278,PID453,Laptop,Electronics,4,144.83,579.32,2025-08-02
ORD1746,CUST197,PID355,Nail Polish,Beauty,3,283.85,851.55,2024-04-08
ORD1747,CUST76,PID381,Jacket,Clothing,3,144.84,434.52,2024-07-17
ORD1748,CUST154,PID651,Cricket Bat,Sports,1,212.63,212.63,2024-05-11
ORD1749,CUST279,PID973,Nail Polish,Beauty,4,251.28,1005.12,2024-04-18
ORD1750,CUST221,PID652,Fiction Novel,Books,4,169.12,676.48,2025-07-11
ORD1751,CUST271,PID520,T-Shirt,Clothing,1,207.66,207.66,2024-10-06
ORD1752,CUST283,PID139,Laptop,Electronics,3,169.43,508.29,2025-06-19
ORD1753,CUST24,PID103,Jeans,Clothing,3,260.25,780.75,2025-03-08
ORD1754,CUST181,PID347,Camera,Electronics,4,215.49,861.96,2025-08-03
ORD1755,CUST254,PID280,Jeans,Clothing,2,268.35,536.7,2025-05-23
ORD1756,CUST249,PID799,Self Help,Books,2,184.28,368.56,2025-01-25
ORD1757,CUST103,PID184,Yoga Mat,Sports,1,221.55,221.55,2025-01-18
ORD1758,CUST179,PID441,Vacuum Cleaner,Home & Kitchen,3,99.6,298.8,2024-02-07
ORD1759,CUST239,PID268,Science Textbook,Books,1,380.74,380.74,2024-11-01
ORD1760,CUST30,PID801,Jacket,Clothing,1,357.75,357.75,2025-02-14
ORD1761,CUST206,PID284,Sneakers,Clothing,2,171.8,343.6,2024-02-16
ORD1762,CUST228,PID650,Self Help,Books,4,378.35,1513.4,2024-07-31
ORD1763,CUST149,PID852,Face Cream,Beauty,4,43.84,175.36,2024-07-20
ORD1764,CUST32,PID542,Sneakers,Clothing,2,391.41,782.82,2025-06-04
ORD1765,CUST139,PID579,Comics,Books,2,243.52,487.04,2025-07-13
ORD1766,CUST111,PID252,Dress,Clothing,3,380.71,1142.13,2024-04-11
ORD1767,CUST241,PID932,Sneakers,Clothing,3,256.9,770.7,2024-03-21
ORD1768,CUST88,PID293,Cricket Bat,Sports,4,94.2,376.8,2025-02-26
ORD1769,CUST198,PID100,Dress,Clothing,3,348.82,1046.46,2024-06-15
ORD1770,CUST126,PID412,Fiction Novel,Books,1,20.27,20.27,2025-04-21
ORD1771,CUST73,PID240,Self Help,Books,2,171.13,342.26,2024-11-03
ORD1772,CUST245,PID614,Jacket,Clothing,1,352.08,352.08,2024-03-16
ORD1773,CUST175,PID208,Face Cream,Beauty,3,276.91,830.73,2025-04-18
ORD1774,CUST271,PID199,Face Cream,Beauty,4,196.68,786.72,2025-03-27
ORD1775,CUST43,PID983,Dress,Clothing,3,10.65,31.95,2024-09-26
ORD1776,CUST162,PID800,T-Shirt,Clothing,3,121.31,363.93,2024-11-10
ORD1777,CUST168,PID438,Dumbbells,Sports,1,254.87,254.87,2024-10-09
ORD1778,CUST13,PID339,Face Cream,Beauty,4,358.63,1434.52,2025-08-14
ORD1779,CUST43,PID557,Science Textbook,Books,1,82.85,82.85,2025-03-27
ORD1780,CUST151,PID613,Tennis Racket,Sports,4,409.12,1636.48,2024-11-08
ORD1781,CUST7,PID305,Fiction Novel,Books,4,467.97,1871.88,2025-08-17
ORD1782,CUST179,PID309,Camera,Electronics,4,338.64,1354.56,2024-05-03
ORD1783,CUST113,PID111,Cookware,Home & Kitchen,2,198.39,396.78,2024-10-09
ORD1784,CUST140,PID500,Cricket Bat,Sports,2,170.35,340.7,2025-07-22
ORD1785,CUST69,PID217,Sofa,Home & Kitchen,4,392.96,1571.84,2024-11-13
ORD1786,CUST50,PID979,Comics,Books,1,344.29,344.29,2024-07-15
ORD1787,CUST47,PID778,Vacuum Cleaner,Home & Kitchen,4,491.11,1964.44,2024-03-24
ORD1788,CUST182,PID490,Face Cream,Beauty,3,62.51,187.53,2024-08-02
ORD1789,CUST128,PID921,Smartwatch,Electronics,1,55.18,55.18,2024-01-29
ORD1790,CUST280,PID437,Jacket,Clothing,3,218.85,656.55,2025-07-22
ORD1791,CUST218,PID673,Smartphone,Electronics,1,488.67,488.67,2024-11-17
ORD1792,CUST6,PID669,Sneakers,Clothing,1,489.58,489.58,2024-03-22
ORD1793,CUST219,PID788,T-Shirt,Clothing,4,41.65,166.6,2025-01-21
ORD1794,CUST266,PID197,Headphones,Electronics,1,371.38,371.38,2025-05-28
ORD1795,CUST124,PID891,Fiction Novel,Books,2,346.44,692.88,2024-06-02
ORD1796,CUST295,PID318,Dress,Clothing,1,463.13,463.13,2024-01-20
ORD1797,CUST41,PID247,Tennis Racket,Sports,4,231.72,926.88,2025-04-27
ORD1798,CUST290,PID934,Smartwatch,Electronics,2,129.19,258.38,2024-03-13
ORD1799,CUST48,PID425,Dining Table,Home & Kitchen,1,265.25,265.25,2024-02-28
ORD1800,CUST258,PID512,Cookware,Home & Kitchen,4,473.63,1894.52,2024-06-02
ORD1801,CUST266,PID920,Shampoo,Beauty,3,110.48,331.44,2025-07-13
ORD1802,CUST248,PID889,Self Help,Books,4,352.06,1408.24,2024-01-25
ORD1803,CUST284,PID548,Vacuum Cleaner,Home & Kitchen,1,195.88,195.88,2024-01-07
ORD1804,CUST137,PID263,Science Textbook,Books,3,479.0,1437.0,2025-02-23
ORD1805,CUST73,PID336,T-Shirt,Clothing,2,98.33,196.66,2024-09-18
ORD1806,CUST176,PID265,T-Shirt,Clothing,1,251.53,251.53,2024-02-23
ORD1807,CUST178,PID518,Self Help,Books,4,375.45,1501.8,2024-05-06
ORD1808,CUST271,PID743,Smartphone,Electronics,1,258.8,258.8,2024-09-04
ORD1809,CUST273,PID142,Laptop,Electronics,1,336.98,336.98,2024-07-30
ORD1810,CUST168,PID138,Sofa,Home & Kitchen,1,410.09,410.09,2024-04-20
ORD1811,CUST47,PID674,Smartphone,Electronics,1,111.13,111.13,2024-03-09
ORD1812,CUST299,PID901,Camera,Electronics,4,180.66,722.64,2024-11-09
ORD1813,CUST161,PID430,Cricket Bat,Sports,4,45.17,180.68,2024-10-30
ORD1814,CUST138,PID437,Nail Polish,Beauty,2,194.73,389.46,2024-06-12
ORD1815,CUST77,PID603,Sofa,Home & Kitchen,2,201.74,403.48,2025-05-08
ORD1816,CUST209,PID172,Vacuum Cleaner,Home & Kitchen,1,294.3,294.3,2024-10-21
ORD1817,CUST284,PID964,Vacuum Cleaner,Home & Kitchen,2,430.61,861.22,2025-07-21
ORD1818,CUST187,PID952,Football,Sports,2,316.97,633.94,2024-12-28
ORD1819,CUST123,PID287,Self Help,Books,2,216.66,433.32,2025-02-23
ORD1820,CUST114,PID351,Nail Polish,Beauty,3,468.46,1405.38,2024-04-01
ORD1821,CUST18,PID965,Laptop,Electronics,3,149.73,449.19,2024-05-18
ORD1822,CUST186,PID284,Football,Sports,1,154.02,154.02,2024-09-12
ORD1823,CUST135,PID672,Cookware,Home & Kitchen,3,248.09,744.27,2024-07-25
ORD1824,CUST129,PID922,Lamp,Home & Kitchen,3,207.79,623.37,2024-04-30
ORD1825,CUST102,PID137,Dress,Clothing,1,84.43,84.43,2024-01-21
ORD1826,CUST242,PID554,Lamp,Home & Kitchen,3,407.99,1223.97,2025-08-18
ORD1827,CUST83,PID902,Dining Table,Home & Kitchen,4,148.15,592.6,2024-07-14
ORD1828,CUST140,PID543,Face Cream,Beauty,3,259.93,779.79,2025-06-18
ORD1829,CUST153,PID376,Lamp,Home & Kitchen,1,180.13,180.13,2024-02-21
ORD1830,CUST153,PID848,Comics,Books,3,111.95,335.85,2025-07-20
ORD1831,CUST36,PID721,Shampoo,Beauty,2,189.89,379.78,2024-11-09
ORD1832,CUST295,PID947,Jacket,Clothing,1,162.71,162.71,2024-05-16
ORD1833,CUST6,PID208,Sneakers,Clothing,3,177.7,533.1,2025-02-28
ORD1834,CUST118,PID360,Self Help,Books,2,442.77,885.54,2024-03-16
ORD1835,CUST214,PID556,Comics,Books,1,232.3,232.3,2025-08-21
ORD1836,CUST141,PID771,Sofa,Home & Kitchen,2,195.48,390.96,2024-02-14
ORD1837,CUST247,PID715,Face Cream,Beauty,1,360.78,360.78,2024-01-18
ORD1838,CUST94,PID761,Science Textbook,Books,2,46.36,92.72,2024-08-22
ORD1839,CUST122,PID749,Jacket,Clothing,3,57.15,171.45,2024-08-21
ORD1840,CUST28,PID110,Sofa,Home & Kitchen,2,87.63,175.26,2025-07-12
ORD1841,CUST246,PID226,Dining Table,Home & Kitchen,3,171.16,513.48,2025-01-16
ORD1842,CUST152,PID683,Dumbbells,Sports,3,280.65,841.95,2024-06-23
ORD1843,CUST289,PID580,Shampoo,Beauty,3,341.09,1023.27,2024-06-23
ORD1844,CUST141,PID857,Nail Polish,Beauty,1,317.55,317.55,2024-08-26
ORD1845,CUST205,PID659,Biography,Books,1,250.37,250.37,2024-11-12
ORD1846,CUST295,PID739,Lipstick,Beauty,4,347.58,1390.32,2024-03-11
ORD1847,CUST269,PID424,Yoga Mat,Sports,2,448.36,896.72,2024-01-07
ORD1848,CUST103,PID920,Dining Table,Home & Kitchen,1,13.97,13.97,2025-06-12
ORD1849,CUST171,PID636,Smartphone,Electronics,3,239.76,719.28,2024-07-25
ORD1850,CUST29,PID728,Face Cream,Beauty,3,345.87,1037.61,2025-01-14
ORD1851,CUST144,PID124,Face Cream,Beauty,2,363.1,726.2,2024-04-02
ORD1852,CUST86,PID435,T-Shirt,Clothing,1,245.12,245.12,2024-07-17
ORD1853,CUST206,PID512,T-Shirt,Clothing,3,411.2,1233.6,2025-03-04
ORD1854,CUST271,PID998,Vacuum Cleaner,Home & Kitchen,3,42.47,127.41,2025-06-25
ORD1855,CUST57,PID331,Smartwatch,Electronics,2,451.38,902.76,2025-07-13
ORD1856,CUST194,PID835,Tennis Racket,Sports,4,439.29,1757.16,2024-07-03
ORD1857,CUST292,PID434,Face Cream,Beauty,4,275.06,1100.24,2024-02-18
ORD1858,CUST173,PID181,Camera,Electronics,2,259.12,518.24,2024-11-30
ORD1859,CUST20,PID320,Sofa,Home & Kitchen,3,26.2,78.6,2024-11-18
ORD1860,CUST3,PID793,Dining Table,Home & Kitchen,2,189.4,378.8,2024-02-28
ORD1861,CUST62,PID743,T-Shirt,Clothing,3,187.89,563.67,2024-05-01
ORD1862,CUST107,PID195,Sofa,Home & Kitchen,3,192.72,578.16,2024-03-02
ORD1863,CUST256,PID660,Tennis Racket,Sports,1,7.63,7.63,2024-05-03
ORD1864,CUST207,PID147,Perfume,Beauty,1,292.6,292.6,2024-07-19
ORD1865,CUST250,PID413,Dress,Clothing,1,262.93,262.93,2025-04-24
ORD1866,CUST209,PID454,Fiction Novel,Books,1,107.58,107.58,2024-02-13
ORD1867,CUST29,PID670,Comics,Books,3,332.93,998.79,2024-08-07
ORD1868,CUST215,PID998,Shampoo,Beauty,1,328.8,328.8,2025-05-04
ORD1869,CUST245,PID569,Lipstick,Beauty,2,82.46,164.92,2025-03-20
ORD1870,CUST269,PID366,Lamp,Home & Kitchen,2,196.17,392.34,2024-02-28
ORD1871,CUST40,PID336,Camera,Electronics,3,431.45,1294.35,2024-10-26
ORD1872,CUST207,PID435,Nail Polish,Beauty,1,294.41,294.41,2024-06-26
ORD1873,CUST279,PID757,Lamp,Home & Kitchen,2,399.14,798.28,2025-01-18
ORD1874,CUST62,PID905,Headphones,Electronics,1,135.71,135.71,2024-08-09
ORD1875,CUST61,PID228,Vacuum Cleaner,Home & Kitchen,2,138.41,276.82,2024-06-04
ORD1876,CUST110,PID880,Nail Polish,Beauty,3,299.68,899.04,2025-08-08
ORD1877,CUST207,PID487,Nail Polish,Beauty,4,381.62,1526.48,2024-12-05
ORD1878,CUST204,PID260,Tennis Racket,Sports,4,112.53,450.12,2025-07-28
ORD1879,CUST22,PID169,Smartphone,Electronics,1,440.2,440.2,2025-08-13
ORD1880,CUST5,PID927,T-Shirt,Clothing,4,429.77,1719.08,2024-08-04
ORD1881,CUST56,PID465,Camera,Electronics,3,259.53,778.59,2025-03-30
ORD1882,CUST104,PID176,Laptop,Electronics,2,51.69,103.38,2024-09-20
ORD1883,CUST182,PID992,Jacket,Clothing,4,483.8,1935.2,2024-01-27
ORD1884,CUST276,PID751,Yoga Mat,Sports,3,467.12,1401.36,2024-03-31
ORD1885,CUST61,PID557,Sneakers,Clothing,3,498.83,1496.49,2024-12-16
ORD1886,CUST143,PID499,Self Help,Books,1,162.46,162.46,2025-04-03
ORD1887,CUST187,PID598,Cookware,Home & Kitchen,2,285.26,570.52,2025-05-22
ORD1888,CUST291,PID697,Jeans,Clothing,2,13.49,26.98,2024-04-23
ORD1889,CUST183,PID306,Perfume,Beauty,4,311.67,1246.68,2024-12-20
ORD1890,CUST3,PID307,Camera,Electronics,1,432.89,432.89,2024-05-17
ORD1891,CUST25,PID167,Dress,Clothing,1,320.97,320.97,2024-01-19
ORD1892,CUST171,PID549,Fiction Novel,Books,2,73.53,147.06,2024-10-02
ORD1893,CUST48,PID310,Lipstick,Beauty,3,464.45,1393.35,2025-06-23
ORD1894,CUST197,PID290,Face Cream,Beauty,3,237.3,711.9,2025-07-15
ORD1895,CUST246,PID212,Cricket Bat,Sports,2,358.97,717.94,2024-01-14
ORD1896,CUST203,PID387,Yoga Mat,Sports,3,417.25,1251.75,2024-06-03
ORD1897,CUST55,PID793,Dress,Clothing,2,59.48,118.96,2024-03-15
ORD1898,CUST277,PID744,Dumbbells,Sports,3,346.99,1040.97,2025-05-25
ORD1899,CUST182,PID557,Yoga Mat,Sports,2,82.32,164.64,2024-03-04
ORD1900,CUST260,PID292,Football,Sports,3,106.06,318.18,2025-02-09
ORD1901,CUST214,PID853,Dumbbells,Sports,3,229.19,687.57,2025-03-05
ORD1902,CUST142,PID533,Shampoo,Beauty,4,344.27,1377.08,2025-01-09
ORD1903,CUST59,PID142,Cricket Bat,Sports,3,419.89,1259.67,2024-04-27
ORD1904,CUST20,PID321,T-Shirt,Clothing,2,270.29,540.58,2024-07-02
ORD1905,CUST90,PID193,Laptop,Electronics,1,81.08,81.08,2025-03-13
ORD1906,CUST26,PID686,Jeans,Clothing,4,51.98,207.92,2024-05-29
ORD1907,CUST148,PID107,Football,Sports,1,214.55,214.55,2024-12-05
ORD1908,CUST116,PID538,Cricket Bat,Sports,4,346.89,1387.56,2025-06-02
ORD1909,CUST45,PID338,Fiction Novel,Books,4,102.34,409.36,2024-06-29
ORD1910,CUST215,PID187,Vacuum Cleaner,Home & Kitchen,4,402.31,1609.24,2024-06-27
ORD1911,CUST212,PID904,Dumbbells,Sports,2,347.15,694.3,2024-08-10
ORD1912,CUST119,PID924,Biography,Books,4,470.68,1882.72,2024-12-31
ORD1913,CUST276,PID479,Dining Table,Home & Kitchen,3,220.52,661.56,2024-09-24
ORD1914,CUST273,PID163,Vacuum Cleaner,Home & Kitchen,2,469.29,938.58,2025-05-08
ORD1915,CUST11,PID197,Perfume,Beauty,2,211.03,422.06,2025-07-23
ORD1916,CUST290,PID862,Science Textbook,Books,4,32.34,129.36,2025-07-17
ORD1917,CUST271,PID584,Self Help,Books,4,486.67,1946.68,2025-08-06
ORD1918,CUST296,PID335,Lipstick,Beauty,4,82.01,328.04,2024-04-19
ORD1919,CUST192,PID192,Dining Table,Home & Kitchen,2,15.16,30.32,2024-02-08
ORD1920,CUST28,PID148,Nail Polish,Beauty,4,338.63,1354.52,2024-02-05
ORD1921,CUST101,PID893,Science Textbook,Books,2,449.63,899.26,2024-12-03
ORD1922,CUST166,PID482,Smartwatch,Electronics,4,81.69,326.76,2025-04-15
ORD1923,CUST278,PID741,Dining Table,Home & Kitchen,3,154.7,464.1,2024-10-28
ORD1924,CUST96,PID289,Science Textbook,Books,1,241.86,241.86,2024-09-22
ORD1925,CUST128,PID337,Headphones,Electronics,4,313.88,1255.52,2024-04-21
ORD1926,CUST145,PID164,Yoga Mat,Sports,3,492.2,1476.6,2025-05-04
ORD1927,CUST106,PID280,Cookware,Home & Kitchen,4,185.09,740.36,2024-03-29
ORD1928,CUST176,PID629,Dress,Clothing,3,495.93,1487.79,2025-02-02
ORD1929,CUST106,PID370,Yoga Mat,Sports,3,271.32,813.96,2025-06-08
ORD1930,CUST32,PID492,Self Help,Books,4,188.88,755.52,2024-03-22
ORD1931,CUST208,PID300,Laptop,Electronics,3,281.99,845.97,2024-02-07
ORD1932,CUST211,PID543,Dumbbells,Sports,3,62.92,188.76,2024-02-17
ORD1933,CUST18,PID538,Science Textbook,Books,3,229.73,689.19,2024-12-10
ORD1934,CUST224,PID929,Nail Polish,Beauty,4,102.23,408.92,2024-08-16
ORD1935,CUST77,PID287,Jeans,Clothing,2,435.46,870.92,2024-11-05
ORD1936,CUST132,PID650,Camera,Electronics,4,189.23,756.92,2024-07-05
ORD1937,CUST191,PID521,Cookware,Home & Kitchen,4,96.71,386.84,2025-03-26
ORD1938,CUST131,PID336,Face Cream,Beauty,2,413.73,827.46,2025-02-09
ORD1939,CUST96,PID521,Smartwatch,Electronics,4,281.59,1126.36,2024-07-03
ORD1940,CUST6,PID305,Cricket Bat,Sports,4,399.88,1599.52,2025-01-21
ORD1941,CUST256,PID798,Self Help,Books,4,280.61,1122.44,2024-12-14
ORD1942,CUST255,PID936,Smartphone,Electronics,2,494.32,988.64,2024-05-06
ORD1943,CUST287,PID865,Laptop,Electronics,1,437.67,437.67,2025-05-01
ORD1944,CUST13,PID656,Lamp,Home & Kitchen,3,302.14,906.42,2024-10-02
ORD1945,CUST205,PID436,Laptop,Electronics,2,136.36,272.72,2024-09-29
ORD1946,CUST58,PID427,Jacket,Clothing,2,474.51,949.02,2024-10-05
ORD1947,CUST174,PID427,Dining Table,Home & Kitchen,4,462.64,1850.56,2024-04-20
ORD1948,CUST187,PID880,Vacuum Cleaner,Home & Kitchen,3,8.19,24.57,2024-06-04
ORD1949,CUST189,PID371,Science Textbook,Books,3,246.2,738.6,2025-05-25
ORD1950,CUST286,PID970,Lipstick,Beauty,1,385.88,385.88,2024-08-25
ORD1951,CUST94,PID437,Tennis Racket,Sports,1,338.83,338.83,2025-07-20
ORD1952,CUST116,PID242,Camera,Electronics,1,236.82,236.82,2024-12-29
ORD1953,CUST53,PID570,Biography,Books,4,22.28,89.12,2025-02-20
ORD1954,CUST137,PID793,Sofa,Home & Kitchen,3,84.54,253.62,2024-04-07
ORD1955,CUST208,PID364,Laptop,Electronics,4,29.56,118.24,2025-04-25
ORD1956,CUST237,PID171,Nail Polish,Beauty,3,90.88,272.64,2024-11-16
ORD1957,CUST107,PID331,Jacket,Clothing,2,199.09,398.18,2024-05-18
ORD1958,CUST103,PID782,Dress,Clothing,3,387.52,1162.56,2025-02-19
ORD1959,CUST221,PID824,Cookware,Home & Kitchen,1,418.36,418.36,2025-07-21
ORD1960,CUST102,PID592,Nail Polish,Beauty,4,218.4,873.6,2024-08-20
ORD1961,CUST227,PID470,Tennis Racket,Sports,3,149.8,449.4,2024-05-28
ORD1962,CUST115,PID549,Dumbbells,Sports,3,25.54,76.62,2024-09-29
ORD1963,CUST6,PID246,Dress,Clothing,4,162.19,648.76,2025-07-03
ORD1964,CUST119,PID392,Vacuum Cleaner,Home & Kitchen,3,255.63,766.89,2024-08-05
ORD1965,CUST177,PID398,Headphones,Electronics,4,481.86,1927.44,2024-11-03
ORD1966,CUST58,PID387,Dress,Clothing,1,354.59,354.59,2024-09-03
ORD1967,CUST188,PID593,Cookware,Home & Kitchen,3,159.38,478.14,2024-12-20
ORD1968,CUST238,PID971,Sofa,Home & Kitchen,4,224.19,896.76,2024-07-28
ORD1969,CUST296,PID708,Dress,Clothing,3,492.5,1477.5,2025-04-16
ORD1970,CUST208,PID469,Self Help,Books,4,103.25,413.0,2024-05-16
ORD1971,CUST184,PID687,Vacuum Cleaner,Home & Kitchen,3,79.48,238.44,2025-06-20
ORD1972,CUST290,PID678,Vacuum Cleaner,Home & Kitchen,2,7.49,14.98,2024-03-13
ORD1973,CUST282,PID459,Laptop,Electronics,2,92.71,185.42,2024-05-31
ORD1974,CUST5,PID294,Tennis Racket,Sports,2,471.06,942.12,2024-04-22
ORD1975,CUST271,PID262,Lipstick,Beauty,4,433.16,1732.64,2025-07-09
ORD1976,CUST282,PID786,Comics,Books,2,428.79,857.58,2025-03-09
ORD1977,CUST140,PID570,Cricket Bat,Sports,4,160.37,641.48,2024-07-01
ORD1978,CUST129,PID345,Football,Sports,1,366.21,366.21,2025-01-12
ORD1979,CUST149,PID951,Laptop,Electronics,1,412.13,412.13,2025-04-13
ORD1980,CUST294,PID864,Lipstick,Beauty,3,475.2,1425.6,2024-10-28
ORD1981,CUST25,PID888,Comics,Books,4,62.71,250.84,2024-03-10
ORD1982,CUST113,PID974,Fiction Novel,Books,4,112.86,451.44,2025-04-15
ORD1983,CUST91,PID629,Biography,Books,1,411.39,411.39,2024-07-10
ORD1984,CUST40,PID341,Camera,Electronics,2,166.76,333.52,2025-05-17
ORD1985,CUST203,PID672,Face Cream,Beauty,4,56.7,226.8,2024-08-24
ORD1986,CUST181,PID410,Sneakers,Clothing,1,63.76,63.76,2024-08-24
ORD1987,CUST197,PID684,Yoga Mat,Sports,3,299.45,898.35,2025-03-24
ORD1988,CUST188,PID918,Laptop,Electronics,2,432.42,864.84,2024-04-17
ORD1989,CUST90,PID816,Biography,Books,3,375.34,1126.02,2025-03-20
ORD1990,CUST220,PID989,Self Help,Books,2,133.54,267.08,2025-05-09
ORD1991,CUST162,PID346,Jacket,Clothing,3,31.12,93.36,2025-08-10
ORD1992,CUST278,PID651,Jacket,Clothing,1,308.92,308.92,2024-07-09
ORD1993,CUST182,PID525,Dumbbells,Sports,1,373.86,373.86,2024-01-22
ORD1994,CUST166,PID710,Jacket,Clothing,1,398.0,398.0,2025-06-12
ORD1995,CUST90,PID752,Lipstick,Beauty,1,418.12,418.12,2025-05-10
ORD1996,CUST78,PID528,Cookware,Home & Kitchen,2,285.02,570.04,2025-06-09
ORD1997,CUST239,PID171,T-Shirt,Clothing,1,290.35,290.35,2025-05-23
ORD1998,CUST283,PID368,Football,Sports,1,141.5,141.5,2024-02-29
ORD1999,CUST6,PID808,Lamp,Home & Kitchen,2,42.9,85.8,2025-02-10
